STRUCTURE,STRUCTURE_ID,freq,age,agedef,unit,sex,geo,TIME_PERIOD,OBS_VALUE,OBS_FLAG
dataflow,ESTAT:MIGR_EMI2(1.0),A,TOTAL,REACH,NR,T,AM,2006,8053,
dataflow,ESTAT:MIGR_EMI2(1.0),A,TOTAL,REACH,NR,T,AM,2007,7461,
dataflow,ESTAT:MIGR_EMI2(1.0),A,TOTAL,REACH,NR,T,AT,1996,66050,
dataflow,ESTAT:MIGR_EMI2(1.0),A,TOTAL,REACH,NR,T,AT,1997,68585,
dataflow,ESTAT:MIGR_EMI2(1.0),A,TOTAL,REACH,NR,T,AT,1998,64272,
dataflow,ESTAT:MIGR_EMI2(1.0),A,TOTAL,REACH,NR,T,AT,1999,66923,
dataflow,ESTAT:MIGR_EMI2(1.0),A,TOTAL,REACH,NR,T,AT,2000,64472,
dataflow,ESTAT:MIGR_EMI2(1.0),A,TOTAL,REACH,NR,T,AT,2001,72654,
dataflow,ESTAT:MIGR_EMI2(1.0),A,TOTAL,REACH,NR,T,AT,2002,74831,b
dataflow,ESTAT:MIGR_EMI2(1.0),A,TOTAL,REACH,NR,T,AT,2003,71996,
dataflow,ESTAT:MIGR_EMI2(1.0),A,TOTAL,REACH,NR,T,AT,2004,71721,
dataflow,ESTAT:MIGR_EMI2(1.0),A,TOTAL,REACH,NR,T,AT,2005,70133,
dataflow,ESTAT:MIGR_EMI2(1.0),A,TOTAL,REACH,NR,T,AT,2006,74432,
dataflow,ESTAT:MIGR_EMI2(1.0),A,TOTAL,REACH,NR,T,AT,2007,49898,b
dataflow,ESTAT:MIGR_EMI2(1.0),A,TOTAL,REACH,NR,T,AT,2008,51563,
dataflow,ESTAT:MIGR_EMI2(1.0),A,TOTAL,REACH,NR,T,AT,2009,53244,
dataflow,ESTAT:MIGR_EMI2(1.0),A,TOTAL,REACH,NR,T,AT,2010,51651,
dataflow,ESTAT:MIGR_EMI2(1.0),A,TOTAL,REACH,NR,T,AT,2011,51197,
dataflow,ESTAT:MIGR_EMI2(1.0),A,TOTAL,REACH,NR,T,AT,2012,51812,
dataflow,ESTAT:MIGR_EMI2(1.0),A,TOTAL,REACH,NR,T,AT,2013,54071,
dataflow,ESTAT:MIGR_EMI2(1.0),A,TOTAL,REACH,NR,T,AT,2014,53491,
dataflow,ESTAT:MIGR_EMI2(1.0),A,TOTAL,REACH,NR,T,AT,2015,56689,
dataflow,ESTAT:MIGR_EMI2(1.0),A,TOTAL,REACH,NR,T,AT,2016,64428,
dataflow,ESTAT:MIGR_EMI2(1.0),A,TOTAL,REACH,NR,T,AT,2017,66144,
dataflow,ESTAT:MIGR_EMI2(1.0),A,TOTAL,REACH,NR,T,AT,2018,67212,
dataflow,ESTAT:MIGR_EMI2(1.0),A,TOTAL,REACH,NR,T,AT,2019,68280,
dataflow,ESTAT:MIGR_EMI2(1.0),A,TOTAL,REACH,NR,T,AT,2020,62581,
dataflow,ESTAT:MIGR_EMI2(1.0),A,TOTAL,REACH,NR,T,AT,2021,67299,
dataflow,ESTAT:MIGR_EMI2(1.0),A,TOTAL,REACH,NR,T,AT,2022,74271,
dataflow,ESTAT:MIGR_EMI2(1.0),A,TOTAL,REACH,NR,T,AZ,2007,3083,
dataflow,ESTAT:MIGR_EMI2(1.0),A,TOTAL,REACH,NR,T,BE,1990,32502,
dataflow,ESTAT:MIGR_EMI2(1.0),A,TOTAL,REACH,NR,T,BE,1991,33752,
dataflow,ESTAT:MIGR_EMI2(1.0),A,TOTAL,REACH,NR,T,BE,1992,33707,
dataflow,ESTAT:MIGR_EMI2(1.0),A,TOTAL,REACH,NR,T,BE,1993,44811,
dataflow,ESTAT:MIGR_EMI2(1.0),A,TOTAL,REACH,NR,T,BE,1994,36530,
dataflow,ESTAT:MIGR_EMI2(1.0),A,TOTAL,REACH,NR,T,BE,1995,36044,
dataflow,ESTAT:MIGR_EMI2(1.0),A,TOTAL,REACH,NR,T,BE,1996,36674,
dataflow,ESTAT:MIGR_EMI2(1.0),A,TOTAL,REACH,NR,T,BE,1997,39320,
dataflow,ESTAT:MIGR_EMI2(1.0),A,TOTAL,REACH,NR,T,BE,1998,72087,
dataflow,ESTAT:MIGR_EMI2(1.0),A,TOTAL,REACH,NR,T,BE,1999,74097,
dataflow,ESTAT:MIGR_EMI2(1.0),A,TOTAL,REACH,NR,T,BE,2000,75320,
dataflow,ESTAT:MIGR_EMI2(1.0),A,TOTAL,REACH,NR,T,BE,2001,75261,
dataflow,ESTAT:MIGR_EMI2(1.0),A,TOTAL,REACH,NR,T,BE,2002,75960,
dataflow,ESTAT:MIGR_EMI2(1.0),A,TOTAL,REACH,NR,T,BE,2003,79399,
dataflow,ESTAT:MIGR_EMI2(1.0),A,TOTAL,REACH,NR,T,BE,2004,83895,
dataflow,ESTAT:MIGR_EMI2(1.0),A,TOTAL,REACH,NR,T,BE,2005,86899,
dataflow,ESTAT:MIGR_EMI2(1.0),A,TOTAL,REACH,NR,T,BE,2006,88163,
dataflow,ESTAT:MIGR_EMI2(1.0),A,TOTAL,REACH,NR,T,BE,2007,91052,
dataflow,ESTAT:MIGR_EMI2(1.0),A,TOTAL,REACH,NR,T,BE,2010,66013,b
dataflow,ESTAT:MIGR_EMI2(1.0),A,TOTAL,REACH,NR,T,BE,2011,84148,b
dataflow,ESTAT:MIGR_EMI2(1.0),A,TOTAL,REACH,NR,T,BE,2012,93600,
dataflow,ESTAT:MIGR_EMI2(1.0),A,TOTAL,REACH,NR,T,BE,2013,102657,
dataflow,ESTAT:MIGR_EMI2(1.0),A,TOTAL,REACH,NR,T,BE,2014,94573,
dataflow,ESTAT:MIGR_EMI2(1.0),A,TOTAL,REACH,NR,T,BE,2015,89794,
dataflow,ESTAT:MIGR_EMI2(1.0),A,TOTAL,REACH,NR,T,BE,2016,92471,
dataflow,ESTAT:MIGR_EMI2(1.0),A,TOTAL,REACH,NR,T,BE,2017,89690,
dataflow,ESTAT:MIGR_EMI2(1.0),A,TOTAL,REACH,NR,T,BE,2018,88935,
dataflow,ESTAT:MIGR_EMI2(1.0),A,TOTAL,REACH,NR,T,BE,2019,102936,
dataflow,ESTAT:MIGR_EMI2(1.0),A,TOTAL,REACH,NR,T,BE,2020,76562,
dataflow,ESTAT:MIGR_EMI2(1.0),A,TOTAL,REACH,NR,T,BE,2021,87272,
dataflow,ESTAT:MIGR_EMI2(1.0),A,TOTAL,REACH,NR,T,BE,2022,84627,
dataflow,ESTAT:MIGR_EMI2(1.0),A,TOTAL,REACH,NR,T,BG,2007,2958,
dataflow,ESTAT:MIGR_EMI2(1.0),A,TOTAL,REACH,NR,T,BG,2012,16615,bp
dataflow,ESTAT:MIGR_EMI2(1.0),A,TOTAL,REACH,NR,T,BG,2013,19678,p
dataflow,ESTAT:MIGR_EMI2(1.0),A,TOTAL,REACH,NR,T,BG,2014,28727,p
dataflow,ESTAT:MIGR_EMI2(1.0),A,TOTAL,REACH,NR,T,BG,2015,29470,p
dataflow,ESTAT:MIGR_EMI2(1.0),A,TOTAL,REACH,NR,T,BG,2016,30570,p
dataflow,ESTAT:MIGR_EMI2(1.0),A,TOTAL,REACH,NR,T,BG,2017,31586,p
dataflow,ESTAT:MIGR_EMI2(1.0),A,TOTAL,REACH,NR,T,BG,2018,33225,p
dataflow,ESTAT:MIGR_EMI2(1.0),A,TOTAL,REACH,NR,T,BG,2019,39941,p
dataflow,ESTAT:MIGR_EMI2(1.0),A,TOTAL,REACH,NR,T,BG,2020,6649,p
dataflow,ESTAT:MIGR_EMI2(1.0),A,TOTAL,REACH,NR,T,BG,2021,26755,
dataflow,ESTAT:MIGR_EMI2(1.0),A,TOTAL,REACH,NR,T,BG,2022,13175,
dataflow,ESTAT:MIGR_EMI2(1.0),A,TOTAL,REACH,NR,T,BY,2006,8498,
dataflow,ESTAT:MIGR_EMI2(1.0),A,TOTAL,REACH,NR,T,BY,2007,9479,
dataflow,ESTAT:MIGR_EMI2(1.0),A,TOTAL,REACH,NR,T,CH,1990,97601,
dataflow,ESTAT:MIGR_EMI2(1.0),A,TOTAL,REACH,NR,T,CH,1991,103333,
dataflow,ESTAT:MIGR_EMI2(1.0),A,TOTAL,REACH,NR,T,CH,1992,117034,
dataflow,ESTAT:MIGR_EMI2(1.0),A,TOTAL,REACH,NR,T,CH,1993,105025,
dataflow,ESTAT:MIGR_EMI2(1.0),A,TOTAL,REACH,NR,T,CH,1994,99305,
dataflow,ESTAT:MIGR_EMI2(1.0),A,TOTAL,REACH,NR,T,CH,1995,99509,
dataflow,ESTAT:MIGR_EMI2(1.0),A,TOTAL,REACH,NR,T,CH,1996,103398,
dataflow,ESTAT:MIGR_EMI2(1.0),A,TOTAL,REACH,NR,T,CH,1997,98521,
dataflow,ESTAT:MIGR_EMI2(1.0),A,TOTAL,REACH,NR,T,CH,1998,94778,
dataflow,ESTAT:MIGR_EMI2(1.0),A,TOTAL,REACH,NR,T,CH,1999,91804,
dataflow,ESTAT:MIGR_EMI2(1.0),A,TOTAL,REACH,NR,T,CH,2000,90078,
dataflow,ESTAT:MIGR_EMI2(1.0),A,TOTAL,REACH,NR,T,CH,2001,82234,
dataflow,ESTAT:MIGR_EMI2(1.0),A,TOTAL,REACH,NR,T,CH,2002,78419,
dataflow,ESTAT:MIGR_EMI2(1.0),A,TOTAL,REACH,NR,T,CH,2003,76756,
dataflow,ESTAT:MIGR_EMI2(1.0),A,TOTAL,REACH,NR,T,CH,2004,79726,
dataflow,ESTAT:MIGR_EMI2(1.0),A,TOTAL,REACH,NR,T,CH,2005,82090,
dataflow,ESTAT:MIGR_EMI2(1.0),A,TOTAL,REACH,NR,T,CH,2006,88218,
dataflow,ESTAT:MIGR_EMI2(1.0),A,TOTAL,REACH,NR,T,CH,2007,90175,
dataflow,ESTAT:MIGR_EMI2(1.0),A,TOTAL,REACH,NR,T,CH,2008,86130,
dataflow,ESTAT:MIGR_EMI2(1.0),A,TOTAL,REACH,NR,T,CH,2009,86036,
dataflow,ESTAT:MIGR_EMI2(1.0),A,TOTAL,REACH,NR,T,CH,2010,96839,
dataflow,ESTAT:MIGR_EMI2(1.0),A,TOTAL,REACH,NR,T,CH,2011,96494,b
dataflow,ESTAT:MIGR_EMI2(1.0),A,TOTAL,REACH,NR,T,CH,2012,103881,
dataflow,ESTAT:MIGR_EMI2(1.0),A,TOTAL,REACH,NR,T,CH,2013,106196,
dataflow,ESTAT:MIGR_EMI2(1.0),A,TOTAL,REACH,NR,T,CH,2014,111103,
dataflow,ESTAT:MIGR_EMI2(1.0),A,TOTAL,REACH,NR,T,CH,2015,116631,
dataflow,ESTAT:MIGR_EMI2(1.0),A,TOTAL,REACH,NR,T,CH,2016,120653,
dataflow,ESTAT:MIGR_EMI2(1.0),A,TOTAL,REACH,NR,T,CH,2017,124997,
dataflow,ESTAT:MIGR_EMI2(1.0),A,TOTAL,REACH,NR,T,CH,2018,130225,
dataflow,ESTAT:MIGR_EMI2(1.0),A,TOTAL,REACH,NR,T,CH,2019,126221,
dataflow,ESTAT:MIGR_EMI2(1.0),A,TOTAL,REACH,NR,T,CH,2020,109376,
dataflow,ESTAT:MIGR_EMI2(1.0),A,TOTAL,REACH,NR,T,CH,2021,116769,
dataflow,ESTAT:MIGR_EMI2(1.0),A,TOTAL,REACH,NR,T,CH,2022,122123,
dataflow,ESTAT:MIGR_EMI2(1.0),A,TOTAL,REACH,NR,T,CY,2002,1474,
dataflow,ESTAT:MIGR_EMI2(1.0),A,TOTAL,REACH,NR,T,CY,2003,1696,
dataflow,ESTAT:MIGR_EMI2(1.0),A,TOTAL,REACH,NR,T,CY,2004,1913,
dataflow,ESTAT:MIGR_EMI2(1.0),A,TOTAL,REACH,NR,T,CY,2005,2192,
dataflow,ESTAT:MIGR_EMI2(1.0),A,TOTAL,REACH,NR,T,CY,2006,2778,
dataflow,ESTAT:MIGR_EMI2(1.0),A,TOTAL,REACH,NR,T,CY,2007,4106,
dataflow,ESTAT:MIGR_EMI2(1.0),A,TOTAL,REACH,NR,T,CY,2009,4797,b
dataflow,ESTAT:MIGR_EMI2(1.0),A,TOTAL,REACH,NR,T,CY,2010,4293,
dataflow,ESTAT:MIGR_EMI2(1.0),A,TOTAL,REACH,NR,T,CY,2011,4895,
dataflow,ESTAT:MIGR_EMI2(1.0),A,TOTAL,REACH,NR,T,CY,2012,18105,
dataflow,ESTAT:MIGR_EMI2(1.0),A,TOTAL,REACH,NR,T,CY,2013,25227,
dataflow,ESTAT:MIGR_EMI2(1.0),A,TOTAL,REACH,NR,T,CY,2014,24038,
dataflow,ESTAT:MIGR_EMI2(1.0),A,TOTAL,REACH,NR,T,CY,2015,17183,
dataflow,ESTAT:MIGR_EMI2(1.0),A,TOTAL,REACH,NR,T,CY,2016,14892,
dataflow,ESTAT:MIGR_EMI2(1.0),A,TOTAL,REACH,NR,T,CY,2017,15105,
dataflow,ESTAT:MIGR_EMI2(1.0),A,TOTAL,REACH,NR,T,CY,2018,15340,
dataflow,ESTAT:MIGR_EMI2(1.0),A,TOTAL,REACH,NR,T,CY,2019,17373,
dataflow,ESTAT:MIGR_EMI2(1.0),A,TOTAL,REACH,NR,T,CY,2020,21368,
dataflow,ESTAT:MIGR_EMI2(1.0),A,TOTAL,REACH,NR,T,CY,2021,18410,
dataflow,ESTAT:MIGR_EMI2(1.0),A,TOTAL,REACH,NR,T,CY,2022,17958,
dataflow,ESTAT:MIGR_EMI2(1.0),A,TOTAL,REACH,NR,T,CZ,2001,21469,
dataflow,ESTAT:MIGR_EMI2(1.0),A,TOTAL,REACH,NR,T,CZ,2002,32389,
dataflow,ESTAT:MIGR_EMI2(1.0),A,TOTAL,REACH,NR,T,CZ,2003,34226,
dataflow,ESTAT:MIGR_EMI2(1.0),A,TOTAL,REACH,NR,T,CZ,2004,34818,
dataflow,ESTAT:MIGR_EMI2(1.0),A,TOTAL,REACH,NR,T,CZ,2005,24065,
dataflow,ESTAT:MIGR_EMI2(1.0),A,TOTAL,REACH,NR,T,CZ,2006,33463,
dataflow,ESTAT:MIGR_EMI2(1.0),A,TOTAL,REACH,NR,T,CZ,2007,20500,
dataflow,ESTAT:MIGR_EMI2(1.0),A,TOTAL,REACH,NR,T,CZ,2008,51478,b
dataflow,ESTAT:MIGR_EMI2(1.0),A,TOTAL,REACH,NR,T,CZ,2009,61782,
dataflow,ESTAT:MIGR_EMI2(1.0),A,TOTAL,REACH,NR,T,CZ,2010,61069,
dataflow,ESTAT:MIGR_EMI2(1.0),A,TOTAL,REACH,NR,T,CZ,2011,55910,b
dataflow,ESTAT:MIGR_EMI2(1.0),A,TOTAL,REACH,NR,T,CZ,2012,46106,
dataflow,ESTAT:MIGR_EMI2(1.0),A,TOTAL,REACH,NR,T,CZ,2013,25894,b
dataflow,ESTAT:MIGR_EMI2(1.0),A,TOTAL,REACH,NR,T,CZ,2014,28468,
dataflow,ESTAT:MIGR_EMI2(1.0),A,TOTAL,REACH,NR,T,CZ,2015,25684,
dataflow,ESTAT:MIGR_EMI2(1.0),A,TOTAL,REACH,NR,T,CZ,2016,38864,
dataflow,ESTAT:MIGR_EMI2(1.0),A,TOTAL,REACH,NR,T,CZ,2017,27316,
dataflow,ESTAT:MIGR_EMI2(1.0),A,TOTAL,REACH,NR,T,CZ,2018,26742,
dataflow,ESTAT:MIGR_EMI2(1.0),A,TOTAL,REACH,NR,T,CZ,2019,77798,
dataflow,ESTAT:MIGR_EMI2(1.0),A,TOTAL,REACH,NR,T,CZ,2020,35854,
dataflow,ESTAT:MIGR_EMI2(1.0),A,TOTAL,REACH,NR,T,CZ,2021,18630,
dataflow,ESTAT:MIGR_EMI2(1.0),A,TOTAL,REACH,NR,T,CZ,2022,31764,
dataflow,ESTAT:MIGR_EMI2(1.0),A,TOTAL,REACH,NR,T,DE,1990,610595,
dataflow,ESTAT:MIGR_EMI2(1.0),A,TOTAL,REACH,NR,T,DE,1991,596455,
dataflow,ESTAT:MIGR_EMI2(1.0),A,TOTAL,REACH,NR,T,DE,1992,720127,
dataflow,ESTAT:MIGR_EMI2(1.0),A,TOTAL,REACH,NR,T,DE,1993,815312,
dataflow,ESTAT:MIGR_EMI2(1.0),A,TOTAL,REACH,NR,T,DE,1994,767555,
dataflow,ESTAT:MIGR_EMI2(1.0),A,TOTAL,REACH,NR,T,DE,1995,698113,
dataflow,ESTAT:MIGR_EMI2(1.0),A,TOTAL,REACH,NR,T,DE,1996,677494,
dataflow,ESTAT:MIGR_EMI2(1.0),A,TOTAL,REACH,NR,T,DE,1997,746969,
dataflow,ESTAT:MIGR_EMI2(1.0),A,TOTAL,REACH,NR,T,DE,1998,755358,
dataflow,ESTAT:MIGR_EMI2(1.0),A,TOTAL,REACH,NR,T,DE,1999,672048,
dataflow,ESTAT:MIGR_EMI2(1.0),A,TOTAL,REACH,NR,T,DE,2000,674038,
dataflow,ESTAT:MIGR_EMI2(1.0),A,TOTAL,REACH,NR,T,DE,2001,606494,
dataflow,ESTAT:MIGR_EMI2(1.0),A,TOTAL,REACH,NR,T,DE,2002,623255,
dataflow,ESTAT:MIGR_EMI2(1.0),A,TOTAL,REACH,NR,T,DE,2003,626330,
dataflow,ESTAT:MIGR_EMI2(1.0),A,TOTAL,REACH,NR,T,DE,2004,697632,
dataflow,ESTAT:MIGR_EMI2(1.0),A,TOTAL,REACH,NR,T,DE,2005,628399,
dataflow,ESTAT:MIGR_EMI2(1.0),A,TOTAL,REACH,NR,T,DE,2006,639064,
dataflow,ESTAT:MIGR_EMI2(1.0),A,TOTAL,REACH,NR,T,DE,2007,636854,
dataflow,ESTAT:MIGR_EMI2(1.0),A,TOTAL,REACH,NR,T,DE,2008,737889,
dataflow,ESTAT:MIGR_EMI2(1.0),A,TOTAL,REACH,NR,T,DE,2009,286582,b
dataflow,ESTAT:MIGR_EMI2(1.0),A,TOTAL,REACH,NR,T,DE,2010,252456,
dataflow,ESTAT:MIGR_EMI2(1.0),A,TOTAL,REACH,NR,T,DE,2011,249045,
dataflow,ESTAT:MIGR_EMI2(1.0),A,TOTAL,REACH,NR,T,DE,2012,240001,
dataflow,ESTAT:MIGR_EMI2(1.0),A,TOTAL,REACH,NR,T,DE,2013,259328,
dataflow,ESTAT:MIGR_EMI2(1.0),A,TOTAL,REACH,NR,T,DE,2014,324221,e
dataflow,ESTAT:MIGR_EMI2(1.0),A,TOTAL,REACH,NR,T,DE,2015,338403,e
dataflow,ESTAT:MIGR_EMI2(1.0),A,TOTAL,REACH,NR,T,DE,2016,533762,be
dataflow,ESTAT:MIGR_EMI2(1.0),A,TOTAL,REACH,NR,T,DE,2017,560700,be
dataflow,ESTAT:MIGR_EMI2(1.0),A,TOTAL,REACH,NR,T,DE,2018,540415,e
dataflow,ESTAT:MIGR_EMI2(1.0),A,TOTAL,REACH,NR,T,DE,2019,576319,be
dataflow,ESTAT:MIGR_EMI2(1.0),A,TOTAL,REACH,NR,T,DE,2020,488138,be
dataflow,ESTAT:MIGR_EMI2(1.0),A,TOTAL,REACH,NR,T,DE,2021,543162,
dataflow,ESTAT:MIGR_EMI2(1.0),A,TOTAL,REACH,NR,T,DE,2022,533485,
dataflow,ESTAT:MIGR_EMI2(1.0),A,TOTAL,REACH,NR,T,DK,1990,32383,
dataflow,ESTAT:MIGR_EMI2(1.0),A,TOTAL,REACH,NR,T,DK,1991,32629,
dataflow,ESTAT:MIGR_EMI2(1.0),A,TOTAL,REACH,NR,T,DK,1992,31915,
dataflow,ESTAT:MIGR_EMI2(1.0),A,TOTAL,REACH,NR,T,DK,1993,32344,
dataflow,ESTAT:MIGR_EMI2(1.0),A,TOTAL,REACH,NR,T,DK,1994,34710,
dataflow,ESTAT:MIGR_EMI2(1.0),A,TOTAL,REACH,NR,T,DK,1995,34630,
dataflow,ESTAT:MIGR_EMI2(1.0),A,TOTAL,REACH,NR,T,DK,1996,37312,
dataflow,ESTAT:MIGR_EMI2(1.0),A,TOTAL,REACH,NR,T,DK,1997,38393,
dataflow,ESTAT:MIGR_EMI2(1.0),A,TOTAL,REACH,NR,T,DK,1998,40340,
dataflow,ESTAT:MIGR_EMI2(1.0),A,TOTAL,REACH,NR,T,DK,1999,41340,
dataflow,ESTAT:MIGR_EMI2(1.0),A,TOTAL,REACH,NR,T,DK,2000,43417,
dataflow,ESTAT:MIGR_EMI2(1.0),A,TOTAL,REACH,NR,T,DK,2001,43980,
dataflow,ESTAT:MIGR_EMI2(1.0),A,TOTAL,REACH,NR,T,DK,2002,43481,
dataflow,ESTAT:MIGR_EMI2(1.0),A,TOTAL,REACH,NR,T,DK,2003,43466,
dataflow,ESTAT:MIGR_EMI2(1.0),A,TOTAL,REACH,NR,T,DK,2004,45017,
dataflow,ESTAT:MIGR_EMI2(1.0),A,TOTAL,REACH,NR,T,DK,2005,45869,
dataflow,ESTAT:MIGR_EMI2(1.0),A,TOTAL,REACH,NR,T,DK,2006,46786,
dataflow,ESTAT:MIGR_EMI2(1.0),A,TOTAL,REACH,NR,T,DK,2007,41566,
dataflow,ESTAT:MIGR_EMI2(1.0),A,TOTAL,REACH,NR,T,DK,2008,38356,b
dataflow,ESTAT:MIGR_EMI2(1.0),A,TOTAL,REACH,NR,T,DK,2009,39899,
dataflow,ESTAT:MIGR_EMI2(1.0),A,TOTAL,REACH,NR,T,DK,2010,41456,
dataflow,ESTAT:MIGR_EMI2(1.0),A,TOTAL,REACH,NR,T,DK,2011,41593,
dataflow,ESTAT:MIGR_EMI2(1.0),A,TOTAL,REACH,NR,T,DK,2012,43663,
dataflow,ESTAT:MIGR_EMI2(1.0),A,TOTAL,REACH,NR,T,DK,2013,43310,
dataflow,ESTAT:MIGR_EMI2(1.0),A,TOTAL,REACH,NR,T,DK,2014,44426,
dataflow,ESTAT:MIGR_EMI2(1.0),A,TOTAL,REACH,NR,T,DK,2015,44625,
dataflow,ESTAT:MIGR_EMI2(1.0),A,TOTAL,REACH,NR,T,DK,2016,52654,
dataflow,ESTAT:MIGR_EMI2(1.0),A,TOTAL,REACH,NR,T,DK,2017,56403,
dataflow,ESTAT:MIGR_EMI2(1.0),A,TOTAL,REACH,NR,T,DK,2018,60381,
dataflow,ESTAT:MIGR_EMI2(1.0),A,TOTAL,REACH,NR,T,DK,2019,66520,
dataflow,ESTAT:MIGR_EMI2(1.0),A,TOTAL,REACH,NR,T,DK,2020,53822,
dataflow,ESTAT:MIGR_EMI2(1.0),A,TOTAL,REACH,NR,T,DK,2021,44008,
dataflow,ESTAT:MIGR_EMI2(1.0),A,TOTAL,REACH,NR,T,DK,2022,62927,
dataflow,ESTAT:MIGR_EMI2(1.0),A,TOTAL,REACH,NR,T,EE,1994,9063,
dataflow,ESTAT:MIGR_EMI2(1.0),A,TOTAL,REACH,NR,T,EE,1995,9460,
dataflow,ESTAT:MIGR_EMI2(1.0),A,TOTAL,REACH,NR,T,EE,1996,7134,
dataflow,ESTAT:MIGR_EMI2(1.0),A,TOTAL,REACH,NR,T,EE,1997,4071,
dataflow,ESTAT:MIGR_EMI2(1.0),A,TOTAL,REACH,NR,T,EE,1998,2507,
dataflow,ESTAT:MIGR_EMI2(1.0),A,TOTAL,REACH,NR,T,EE,1999,1882,
dataflow,ESTAT:MIGR_EMI2(1.0),A,TOTAL,REACH,NR,T,EE,2000,1784,
dataflow,ESTAT:MIGR_EMI2(1.0),A,TOTAL,REACH,NR,T,EE,2001,2175,
dataflow,ESTAT:MIGR_EMI2(1.0),A,TOTAL,REACH,NR,T,EE,2002,2038,
dataflow,ESTAT:MIGR_EMI2(1.0),A,TOTAL,REACH,NR,T,EE,2003,3073,
dataflow,ESTAT:MIGR_EMI2(1.0),A,TOTAL,REACH,NR,T,EE,2004,2927,
dataflow,ESTAT:MIGR_EMI2(1.0),A,TOTAL,REACH,NR,T,EE,2005,4610,
dataflow,ESTAT:MIGR_EMI2(1.0),A,TOTAL,REACH,NR,T,EE,2006,5527,
dataflow,ESTAT:MIGR_EMI2(1.0),A,TOTAL,REACH,NR,T,EE,2007,4384,
dataflow,ESTAT:MIGR_EMI2(1.0),A,TOTAL,REACH,NR,T,EE,2008,4406,b
dataflow,ESTAT:MIGR_EMI2(1.0),A,TOTAL,REACH,NR,T,EE,2009,4658,
dataflow,ESTAT:MIGR_EMI2(1.0),A,TOTAL,REACH,NR,T,EE,2010,5294,
dataflow,ESTAT:MIGR_EMI2(1.0),A,TOTAL,REACH,NR,T,EE,2011,6214,
dataflow,ESTAT:MIGR_EMI2(1.0),A,TOTAL,REACH,NR,T,EE,2012,6321,
dataflow,ESTAT:MIGR_EMI2(1.0),A,TOTAL,REACH,NR,T,EE,2013,6740,
dataflow,ESTAT:MIGR_EMI2(1.0),A,TOTAL,REACH,NR,T,EE,2014,4637,
dataflow,ESTAT:MIGR_EMI2(1.0),A,TOTAL,REACH,NR,T,EE,2015,13003,b
dataflow,ESTAT:MIGR_EMI2(1.0),A,TOTAL,REACH,NR,T,EE,2016,13792,
dataflow,ESTAT:MIGR_EMI2(1.0),A,TOTAL,REACH,NR,T,EE,2017,12358,
dataflow,ESTAT:MIGR_EMI2(1.0),A,TOTAL,REACH,NR,T,EE,2018,10476,
dataflow,ESTAT:MIGR_EMI2(1.0),A,TOTAL,REACH,NR,T,EE,2019,12801,
dataflow,ESTAT:MIGR_EMI2(1.0),A,TOTAL,REACH,NR,T,EE,2020,12427,
dataflow,ESTAT:MIGR_EMI2(1.0),A,TOTAL,REACH,NR,T,EE,2021,12481,
dataflow,ESTAT:MIGR_EMI2(1.0),A,TOTAL,REACH,NR,T,EE,2022,9657,
dataflow,ESTAT:MIGR_EMI2(1.0),A,TOTAL,REACH,NR,T,EL,1991,64628,
dataflow,ESTAT:MIGR_EMI2(1.0),A,TOTAL,REACH,NR,T,EL,1992,52389,
dataflow,ESTAT:MIGR_EMI2(1.0),A,TOTAL,REACH,NR,T,EL,1993,52929,
dataflow,ESTAT:MIGR_EMI2(1.0),A,TOTAL,REACH,NR,T,EL,1994,46813,
dataflow,ESTAT:MIGR_EMI2(1.0),A,TOTAL,REACH,NR,T,EL,1995,47967,
dataflow,ESTAT:MIGR_EMI2(1.0),A,TOTAL,REACH,NR,T,EL,1996,54628,
dataflow,ESTAT:MIGR_EMI2(1.0),A,TOTAL,REACH,NR,T,EL,1997,51794,
dataflow,ESTAT:MIGR_EMI2(1.0),A,TOTAL,REACH,NR,T,EL,1998,60119,
dataflow,ESTAT:MIGR_EMI2(1.0),A,TOTAL,REACH,NR,T,EL,1999,54175,
dataflow,ESTAT:MIGR_EMI2(1.0),A,TOTAL,REACH,NR,T,EL,2000,46993,
dataflow,ESTAT:MIGR_EMI2(1.0),A,TOTAL,REACH,NR,T,EL,2001,45909,
dataflow,ESTAT:MIGR_EMI2(1.0),A,TOTAL,REACH,NR,T,EL,2002,39378,b
dataflow,ESTAT:MIGR_EMI2(1.0),A,TOTAL,REACH,NR,T,EL,2003,37433,
dataflow,ESTAT:MIGR_EMI2(1.0),A,TOTAL,REACH,NR,T,EL,2004,38041,
dataflow,ESTAT:MIGR_EMI2(1.0),A,TOTAL,REACH,NR,T,EL,2005,38583,
dataflow,ESTAT:MIGR_EMI2(1.0),A,TOTAL,REACH,NR,T,EL,2006,38368,
dataflow,ESTAT:MIGR_EMI2(1.0),A,TOTAL,REACH,NR,T,EL,2007,40400,
dataflow,ESTAT:MIGR_EMI2(1.0),A,TOTAL,REACH,NR,T,EL,2008,43044,b
dataflow,ESTAT:MIGR_EMI2(1.0),A,TOTAL,REACH,NR,T,EL,2009,43686,
dataflow,ESTAT:MIGR_EMI2(1.0),A,TOTAL,REACH,NR,T,EL,2010,62041,b
dataflow,ESTAT:MIGR_EMI2(1.0),A,TOTAL,REACH,NR,T,EL,2011,92404,
dataflow,ESTAT:MIGR_EMI2(1.0),A,TOTAL,REACH,NR,T,EL,2012,124694,
dataflow,ESTAT:MIGR_EMI2(1.0),A,TOTAL,REACH,NR,T,EL,2013,117094,
dataflow,ESTAT:MIGR_EMI2(1.0),A,TOTAL,REACH,NR,T,EL,2014,106804,b
dataflow,ESTAT:MIGR_EMI2(1.0),A,TOTAL,REACH,NR,T,EL,2015,109351,
dataflow,ESTAT:MIGR_EMI2(1.0),A,TOTAL,REACH,NR,T,EL,2016,106535,
dataflow,ESTAT:MIGR_EMI2(1.0),A,TOTAL,REACH,NR,T,EL,2017,103327,
dataflow,ESTAT:MIGR_EMI2(1.0),A,TOTAL,REACH,NR,T,EL,2018,103049,
dataflow,ESTAT:MIGR_EMI2(1.0),A,TOTAL,REACH,NR,T,EL,2019,95020,
dataflow,ESTAT:MIGR_EMI2(1.0),A,TOTAL,REACH,NR,T,EL,2020,77837,
dataflow,ESTAT:MIGR_EMI2(1.0),A,TOTAL,REACH,NR,T,EL,2021,79596,
dataflow,ESTAT:MIGR_EMI2(1.0),A,TOTAL,REACH,NR,T,EL,2022,80307,
dataflow,ESTAT:MIGR_EMI2(1.0),A,TOTAL,REACH,NR,T,ES,2002,36605,
dataflow,ESTAT:MIGR_EMI2(1.0),A,TOTAL,REACH,NR,T,ES,2003,25959,
dataflow,ESTAT:MIGR_EMI2(1.0),A,TOTAL,REACH,NR,T,ES,2004,55092,
dataflow,ESTAT:MIGR_EMI2(1.0),A,TOTAL,REACH,NR,T,ES,2005,68011,
dataflow,ESTAT:MIGR_EMI2(1.0),A,TOTAL,REACH,NR,T,ES,2006,142296,
dataflow,ESTAT:MIGR_EMI2(1.0),A,TOTAL,REACH,NR,T,ES,2007,227065,
dataflow,ESTAT:MIGR_EMI2(1.0),A,TOTAL,REACH,NR,T,ES,2008,288432,b
dataflow,ESTAT:MIGR_EMI2(1.0),A,TOTAL,REACH,NR,T,ES,2009,380121,
dataflow,ESTAT:MIGR_EMI2(1.0),A,TOTAL,REACH,NR,T,ES,2010,403377,
dataflow,ESTAT:MIGR_EMI2(1.0),A,TOTAL,REACH,NR,T,ES,2011,409034,
dataflow,ESTAT:MIGR_EMI2(1.0),A,TOTAL,REACH,NR,T,ES,2012,446606,
dataflow,ESTAT:MIGR_EMI2(1.0),A,TOTAL,REACH,NR,T,ES,2013,532303,
dataflow,ESTAT:MIGR_EMI2(1.0),A,TOTAL,REACH,NR,T,ES,2014,400430,
dataflow,ESTAT:MIGR_EMI2(1.0),A,TOTAL,REACH,NR,T,ES,2015,343875,
dataflow,ESTAT:MIGR_EMI2(1.0),A,TOTAL,REACH,NR,T,ES,2016,327325,
dataflow,ESTAT:MIGR_EMI2(1.0),A,TOTAL,REACH,NR,T,ES,2017,368860,
dataflow,ESTAT:MIGR_EMI2(1.0),A,TOTAL,REACH,NR,T,ES,2018,309526,
dataflow,ESTAT:MIGR_EMI2(1.0),A,TOTAL,REACH,NR,T,ES,2019,296248,
dataflow,ESTAT:MIGR_EMI2(1.0),A,TOTAL,REACH,NR,T,ES,2020,248561,
dataflow,ESTAT:MIGR_EMI2(1.0),A,TOTAL,REACH,NR,T,ES,2021,696866,b
dataflow,ESTAT:MIGR_EMI2(1.0),A,TOTAL,REACH,NR,T,ES,2022,531889,
dataflow,ESTAT:MIGR_EMI2(1.0),A,TOTAL,REACH,NR,T,EU27_2020,2013,2440644,bep
dataflow,ESTAT:MIGR_EMI2(1.0),A,TOTAL,REACH,NR,T,EU27_2020,2014,2448798,bep
dataflow,ESTAT:MIGR_EMI2(1.0),A,TOTAL,REACH,NR,T,EU27_2020,2015,2461156,bep
dataflow,ESTAT:MIGR_EMI2(1.0),A,TOTAL,REACH,NR,T,EU27_2020,2016,2654115,bep
dataflow,ESTAT:MIGR_EMI2(1.0),A,TOTAL,REACH,NR,T,EU27_2020,2017,2624101,bep
dataflow,ESTAT:MIGR_EMI2(1.0),A,TOTAL,REACH,NR,T,EU27_2020,2018,2571341,ep
dataflow,ESTAT:MIGR_EMI2(1.0),A,TOTAL,REACH,NR,T,EU27_2020,2019,2685162,bep
dataflow,ESTAT:MIGR_EMI2(1.0),A,TOTAL,REACH,NR,T,EU27_2020,2020,2169540,bep
dataflow,ESTAT:MIGR_EMI2(1.0),A,TOTAL,REACH,NR,T,EU27_2020,2021,2798478,b
dataflow,ESTAT:MIGR_EMI2(1.0),A,TOTAL,REACH,NR,T,EU27_2020,2022,2730313,ep
dataflow,ESTAT:MIGR_EMI2(1.0),A,TOTAL,REACH,NR,T,FI,1990,6477,
dataflow,ESTAT:MIGR_EMI2(1.0),A,TOTAL,REACH,NR,T,FI,1991,5984,
dataflow,ESTAT:MIGR_EMI2(1.0),A,TOTAL,REACH,NR,T,FI,1992,6055,
dataflow,ESTAT:MIGR_EMI2(1.0),A,TOTAL,REACH,NR,T,FI,1993,6405,
dataflow,ESTAT:MIGR_EMI2(1.0),A,TOTAL,REACH,NR,T,FI,1994,8672,
dataflow,ESTAT:MIGR_EMI2(1.0),A,TOTAL,REACH,NR,T,FI,1995,8957,
dataflow,ESTAT:MIGR_EMI2(1.0),A,TOTAL,REACH,NR,T,FI,1996,10587,
dataflow,ESTAT:MIGR_EMI2(1.0),A,TOTAL,REACH,NR,T,FI,1997,9854,
dataflow,ESTAT:MIGR_EMI2(1.0),A,TOTAL,REACH,NR,T,FI,1998,10817,
dataflow,ESTAT:MIGR_EMI2(1.0),A,TOTAL,REACH,NR,T,FI,1999,11966,
dataflow,ESTAT:MIGR_EMI2(1.0),A,TOTAL,REACH,NR,T,FI,2000,14311,
dataflow,ESTAT:MIGR_EMI2(1.0),A,TOTAL,REACH,NR,T,FI,2001,13153,
dataflow,ESTAT:MIGR_EMI2(1.0),A,TOTAL,REACH,NR,T,FI,2002,12891,
dataflow,ESTAT:MIGR_EMI2(1.0),A,TOTAL,REACH,NR,T,FI,2003,12083,
dataflow,ESTAT:MIGR_EMI2(1.0),A,TOTAL,REACH,NR,T,FI,2004,13656,
dataflow,ESTAT:MIGR_EMI2(1.0),A,TOTAL,REACH,NR,T,FI,2005,12369,
dataflow,ESTAT:MIGR_EMI2(1.0),A,TOTAL,REACH,NR,T,FI,2006,12107,
dataflow,ESTAT:MIGR_EMI2(1.0),A,TOTAL,REACH,NR,T,FI,2007,12443,
dataflow,ESTAT:MIGR_EMI2(1.0),A,TOTAL,REACH,NR,T,FI,2008,13657,
dataflow,ESTAT:MIGR_EMI2(1.0),A,TOTAL,REACH,NR,T,FI,2009,12151,
dataflow,ESTAT:MIGR_EMI2(1.0),A,TOTAL,REACH,NR,T,FI,2010,11905,
dataflow,ESTAT:MIGR_EMI2(1.0),A,TOTAL,REACH,NR,T,FI,2011,12660,
dataflow,ESTAT:MIGR_EMI2(1.0),A,TOTAL,REACH,NR,T,FI,2012,13845,
dataflow,ESTAT:MIGR_EMI2(1.0),A,TOTAL,REACH,NR,T,FI,2013,13893,
dataflow,ESTAT:MIGR_EMI2(1.0),A,TOTAL,REACH,NR,T,FI,2014,15486,
dataflow,ESTAT:MIGR_EMI2(1.0),A,TOTAL,REACH,NR,T,FI,2015,16305,
dataflow,ESTAT:MIGR_EMI2(1.0),A,TOTAL,REACH,NR,T,FI,2016,18082,
dataflow,ESTAT:MIGR_EMI2(1.0),A,TOTAL,REACH,NR,T,FI,2017,16973,
dataflow,ESTAT:MIGR_EMI2(1.0),A,TOTAL,REACH,NR,T,FI,2018,19141,
dataflow,ESTAT:MIGR_EMI2(1.0),A,TOTAL,REACH,NR,T,FI,2019,17263,
dataflow,ESTAT:MIGR_EMI2(1.0),A,TOTAL,REACH,NR,T,FI,2020,15084,
dataflow,ESTAT:MIGR_EMI2(1.0),A,TOTAL,REACH,NR,T,FI,2021,13459,
dataflow,ESTAT:MIGR_EMI2(1.0),A,TOTAL,REACH,NR,T,FI,2022,15635,
dataflow,ESTAT:MIGR_EMI2(1.0),A,TOTAL,REACH,NR,T,FR,2006,189403,b
dataflow,ESTAT:MIGR_EMI2(1.0),A,TOTAL,REACH,NR,T,FR,2007,220354,
dataflow,ESTAT:MIGR_EMI2(1.0),A,TOTAL,REACH,NR,T,FR,2008,239796,
dataflow,ESTAT:MIGR_EMI2(1.0),A,TOTAL,REACH,NR,T,FR,2009,264631,
dataflow,ESTAT:MIGR_EMI2(1.0),A,TOTAL,REACH,NR,T,FR,2010,269531,b
dataflow,ESTAT:MIGR_EMI2(1.0),A,TOTAL,REACH,NR,T,FR,2011,291594,
dataflow,ESTAT:MIGR_EMI2(1.0),A,TOTAL,REACH,NR,T,FR,2012,255922,
dataflow,ESTAT:MIGR_EMI2(1.0),A,TOTAL,REACH,NR,T,FR,2013,239813,
dataflow,ESTAT:MIGR_EMI2(1.0),A,TOTAL,REACH,NR,T,FR,2014,308103,
dataflow,ESTAT:MIGR_EMI2(1.0),A,TOTAL,REACH,NR,T,FR,2015,324517,
dataflow,ESTAT:MIGR_EMI2(1.0),A,TOTAL,REACH,NR,T,FR,2016,313622,
dataflow,ESTAT:MIGR_EMI2(1.0),A,TOTAL,REACH,NR,T,FR,2017,215470,
dataflow,ESTAT:MIGR_EMI2(1.0),A,TOTAL,REACH,NR,T,FR,2018,300668,p
dataflow,ESTAT:MIGR_EMI2(1.0),A,TOTAL,REACH,NR,T,FR,2019,299101,p
dataflow,ESTAT:MIGR_EMI2(1.0),A,TOTAL,REACH,NR,T,FR,2020,144797,e
dataflow,ESTAT:MIGR_EMI2(1.0),A,TOTAL,REACH,NR,T,FR,2021,177028,
dataflow,ESTAT:MIGR_EMI2(1.0),A,TOTAL,REACH,NR,T,FR,2022,249355,p
dataflow,ESTAT:MIGR_EMI2(1.0),A,TOTAL,REACH,NR,T,GE,2022,125269,
dataflow,ESTAT:MIGR_EMI2(1.0),A,TOTAL,REACH,NR,T,HR,1991,8647,
dataflow,ESTAT:MIGR_EMI2(1.0),A,TOTAL,REACH,NR,T,HR,1992,8859,
dataflow,ESTAT:MIGR_EMI2(1.0),A,TOTAL,REACH,NR,T,HR,1993,9169,
dataflow,ESTAT:MIGR_EMI2(1.0),A,TOTAL,REACH,NR,T,HR,1994,10163,
dataflow,ESTAT:MIGR_EMI2(1.0),A,TOTAL,REACH,NR,T,HR,1995,15413,
dataflow,ESTAT:MIGR_EMI2(1.0),A,TOTAL,REACH,NR,T,HR,1996,10027,
dataflow,ESTAT:MIGR_EMI2(1.0),A,TOTAL,REACH,NR,T,HR,1997,18531,
dataflow,ESTAT:MIGR_EMI2(1.0),A,TOTAL,REACH,NR,T,HR,1998,7310,
dataflow,ESTAT:MIGR_EMI2(1.0),A,TOTAL,REACH,NR,T,HR,1999,14285,
dataflow,ESTAT:MIGR_EMI2(1.0),A,TOTAL,REACH,NR,T,HR,2001,7488,
dataflow,ESTAT:MIGR_EMI2(1.0),A,TOTAL,REACH,NR,T,HR,2002,11767,
dataflow,ESTAT:MIGR_EMI2(1.0),A,TOTAL,REACH,NR,T,HR,2003,6534,
dataflow,ESTAT:MIGR_EMI2(1.0),A,TOTAL,REACH,NR,T,HR,2004,6812,
dataflow,ESTAT:MIGR_EMI2(1.0),A,TOTAL,REACH,NR,T,HR,2006,7692,
dataflow,ESTAT:MIGR_EMI2(1.0),A,TOTAL,REACH,NR,T,HR,2007,9002,
dataflow,ESTAT:MIGR_EMI2(1.0),A,TOTAL,REACH,NR,T,HR,2008,10638,b
dataflow,ESTAT:MIGR_EMI2(1.0),A,TOTAL,REACH,NR,T,HR,2009,12355,
dataflow,ESTAT:MIGR_EMI2(1.0),A,TOTAL,REACH,NR,T,HR,2010,13017,
dataflow,ESTAT:MIGR_EMI2(1.0),A,TOTAL,REACH,NR,T,HR,2011,12699,
dataflow,ESTAT:MIGR_EMI2(1.0),A,TOTAL,REACH,NR,T,HR,2012,12877,
dataflow,ESTAT:MIGR_EMI2(1.0),A,TOTAL,REACH,NR,T,HR,2013,15262,
dataflow,ESTAT:MIGR_EMI2(1.0),A,TOTAL,REACH,NR,T,HR,2014,20858,
dataflow,ESTAT:MIGR_EMI2(1.0),A,TOTAL,REACH,NR,T,HR,2015,29651,
dataflow,ESTAT:MIGR_EMI2(1.0),A,TOTAL,REACH,NR,T,HR,2016,36436,
dataflow,ESTAT:MIGR_EMI2(1.0),A,TOTAL,REACH,NR,T,HR,2017,47352,
dataflow,ESTAT:MIGR_EMI2(1.0),A,TOTAL,REACH,NR,T,HR,2018,39515,
dataflow,ESTAT:MIGR_EMI2(1.0),A,TOTAL,REACH,NR,T,HR,2019,40148,
dataflow,ESTAT:MIGR_EMI2(1.0),A,TOTAL,REACH,NR,T,HR,2020,34046,
dataflow,ESTAT:MIGR_EMI2(1.0),A,TOTAL,REACH,NR,T,HR,2021,40424,
dataflow,ESTAT:MIGR_EMI2(1.0),A,TOTAL,REACH,NR,T,HR,2022,46287,
dataflow,ESTAT:MIGR_EMI2(1.0),A,TOTAL,REACH,NR,T,HU,1995,3173,
dataflow,ESTAT:MIGR_EMI2(1.0),A,TOTAL,REACH,NR,T,HU,1996,3642,
dataflow,ESTAT:MIGR_EMI2(1.0),A,TOTAL,REACH,NR,T,HU,1997,2822,
dataflow,ESTAT:MIGR_EMI2(1.0),A,TOTAL,REACH,NR,T,HU,1998,3059,p
dataflow,ESTAT:MIGR_EMI2(1.0),A,TOTAL,REACH,NR,T,HU,1999,2821,p
dataflow,ESTAT:MIGR_EMI2(1.0),A,TOTAL,REACH,NR,T,HU,2000,2540,
dataflow,ESTAT:MIGR_EMI2(1.0),A,TOTAL,REACH,NR,T,HU,2001,2591,
dataflow,ESTAT:MIGR_EMI2(1.0),A,TOTAL,REACH,NR,T,HU,2002,3126,
dataflow,ESTAT:MIGR_EMI2(1.0),A,TOTAL,REACH,NR,T,HU,2003,3122,
dataflow,ESTAT:MIGR_EMI2(1.0),A,TOTAL,REACH,NR,T,HU,2004,3820,
dataflow,ESTAT:MIGR_EMI2(1.0),A,TOTAL,REACH,NR,T,HU,2005,3658,
dataflow,ESTAT:MIGR_EMI2(1.0),A,TOTAL,REACH,NR,T,HU,2006,4314,p
dataflow,ESTAT:MIGR_EMI2(1.0),A,TOTAL,REACH,NR,T,HU,2007,4500,
dataflow,ESTAT:MIGR_EMI2(1.0),A,TOTAL,REACH,NR,T,HU,2008,9591,b
dataflow,ESTAT:MIGR_EMI2(1.0),A,TOTAL,REACH,NR,T,HU,2009,10483,
dataflow,ESTAT:MIGR_EMI2(1.0),A,TOTAL,REACH,NR,T,HU,2010,13365,b
dataflow,ESTAT:MIGR_EMI2(1.0),A,TOTAL,REACH,NR,T,HU,2011,15100,
dataflow,ESTAT:MIGR_EMI2(1.0),A,TOTAL,REACH,NR,T,HU,2012,22880,
dataflow,ESTAT:MIGR_EMI2(1.0),A,TOTAL,REACH,NR,T,HU,2013,34691,
dataflow,ESTAT:MIGR_EMI2(1.0),A,TOTAL,REACH,NR,T,HU,2014,42213,
dataflow,ESTAT:MIGR_EMI2(1.0),A,TOTAL,REACH,NR,T,HU,2015,43225,
dataflow,ESTAT:MIGR_EMI2(1.0),A,TOTAL,REACH,NR,T,HU,2016,39889,
dataflow,ESTAT:MIGR_EMI2(1.0),A,TOTAL,REACH,NR,T,HU,2017,39829,
dataflow,ESTAT:MIGR_EMI2(1.0),A,TOTAL,REACH,NR,T,HU,2018,48178,
dataflow,ESTAT:MIGR_EMI2(1.0),A,TOTAL,REACH,NR,T,HU,2019,49795,
dataflow,ESTAT:MIGR_EMI2(1.0),A,TOTAL,REACH,NR,T,HU,2020,67364,
dataflow,ESTAT:MIGR_EMI2(1.0),A,TOTAL,REACH,NR,T,HU,2021,67999,
dataflow,ESTAT:MIGR_EMI2(1.0),A,TOTAL,REACH,NR,T,HU,2022,58408,
dataflow,ESTAT:MIGR_EMI2(1.0),A,TOTAL,REACH,NR,T,IE,1990,40550,
dataflow,ESTAT:MIGR_EMI2(1.0),A,TOTAL,REACH,NR,T,IE,1991,33875,
dataflow,ESTAT:MIGR_EMI2(1.0),A,TOTAL,REACH,NR,T,IE,1992,34675,
dataflow,ESTAT:MIGR_EMI2(1.0),A,TOTAL,REACH,NR,T,IE,1993,34875,
dataflow,ESTAT:MIGR_EMI2(1.0),A,TOTAL,REACH,NR,T,IE,1994,33525,
dataflow,ESTAT:MIGR_EMI2(1.0),A,TOTAL,REACH,NR,T,IE,1995,31675,
dataflow,ESTAT:MIGR_EMI2(1.0),A,TOTAL,REACH,NR,T,IE,1996,26775,
dataflow,ESTAT:MIGR_EMI2(1.0),A,TOTAL,REACH,NR,T,IE,1997,27775,
dataflow,ESTAT:MIGR_EMI2(1.0),A,TOTAL,REACH,NR,T,IE,1998,30775,
dataflow,ESTAT:MIGR_EMI2(1.0),A,TOTAL,REACH,NR,T,IE,1999,27825,
dataflow,ESTAT:MIGR_EMI2(1.0),A,TOTAL,REACH,NR,T,IE,2000,26300,
dataflow,ESTAT:MIGR_EMI2(1.0),A,TOTAL,REACH,NR,T,IE,2001,25750,
dataflow,ESTAT:MIGR_EMI2(1.0),A,TOTAL,REACH,NR,T,IE,2002,28375,
dataflow,ESTAT:MIGR_EMI2(1.0),A,TOTAL,REACH,NR,T,IE,2003,27200,
dataflow,ESTAT:MIGR_EMI2(1.0),A,TOTAL,REACH,NR,T,IE,2004,28675,
dataflow,ESTAT:MIGR_EMI2(1.0),A,TOTAL,REACH,NR,T,IE,2005,34350,
dataflow,ESTAT:MIGR_EMI2(1.0),A,TOTAL,REACH,NR,T,IE,2006,44409,b
dataflow,ESTAT:MIGR_EMI2(1.0),A,TOTAL,REACH,NR,T,IE,2007,48040,
dataflow,ESTAT:MIGR_EMI2(1.0),A,TOTAL,REACH,NR,T,IE,2008,65934,
dataflow,ESTAT:MIGR_EMI2(1.0),A,TOTAL,REACH,NR,T,IE,2009,69672,
dataflow,ESTAT:MIGR_EMI2(1.0),A,TOTAL,REACH,NR,T,IE,2010,78099,
dataflow,ESTAT:MIGR_EMI2(1.0),A,TOTAL,REACH,NR,T,IE,2011,83049,b
dataflow,ESTAT:MIGR_EMI2(1.0),A,TOTAL,REACH,NR,T,IE,2012,81797,
dataflow,ESTAT:MIGR_EMI2(1.0),A,TOTAL,REACH,NR,T,IE,2013,76560,
dataflow,ESTAT:MIGR_EMI2(1.0),A,TOTAL,REACH,NR,T,IE,2014,71107,
dataflow,ESTAT:MIGR_EMI2(1.0),A,TOTAL,REACH,NR,T,IE,2015,67160,
dataflow,ESTAT:MIGR_EMI2(1.0),A,TOTAL,REACH,NR,T,IE,2016,62056,
dataflow,ESTAT:MIGR_EMI2(1.0),A,TOTAL,REACH,NR,T,IE,2017,64068,
dataflow,ESTAT:MIGR_EMI2(1.0),A,TOTAL,REACH,NR,T,IE,2018,53735,
dataflow,ESTAT:MIGR_EMI2(1.0),A,TOTAL,REACH,NR,T,IE,2019,62004,
dataflow,ESTAT:MIGR_EMI2(1.0),A,TOTAL,REACH,NR,T,IE,2020,55942,
dataflow,ESTAT:MIGR_EMI2(1.0),A,TOTAL,REACH,NR,T,IE,2021,52429,
dataflow,ESTAT:MIGR_EMI2(1.0),A,TOTAL,REACH,NR,T,IE,2022,61133,
dataflow,ESTAT:MIGR_EMI2(1.0),A,TOTAL,REACH,NR,T,IS,1990,3847,
dataflow,ESTAT:MIGR_EMI2(1.0),A,TOTAL,REACH,NR,T,IS,1991,2982,
dataflow,ESTAT:MIGR_EMI2(1.0),A,TOTAL,REACH,NR,T,IS,1992,3213,
dataflow,ESTAT:MIGR_EMI2(1.0),A,TOTAL,REACH,NR,T,IS,1993,2901,
dataflow,ESTAT:MIGR_EMI2(1.0),A,TOTAL,REACH,NR,T,IS,1994,3436,
dataflow,ESTAT:MIGR_EMI2(1.0),A,TOTAL,REACH,NR,T,IS,1995,4285,
dataflow,ESTAT:MIGR_EMI2(1.0),A,TOTAL,REACH,NR,T,IS,1996,4108,
dataflow,ESTAT:MIGR_EMI2(1.0),A,TOTAL,REACH,NR,T,IS,1997,3921,
dataflow,ESTAT:MIGR_EMI2(1.0),A,TOTAL,REACH,NR,T,IS,1998,3682,
dataflow,ESTAT:MIGR_EMI2(1.0),A,TOTAL,REACH,NR,T,IS,1999,3663,
dataflow,ESTAT:MIGR_EMI2(1.0),A,TOTAL,REACH,NR,T,IS,2000,3489,
dataflow,ESTAT:MIGR_EMI2(1.0),A,TOTAL,REACH,NR,T,IS,2001,4034,
dataflow,ESTAT:MIGR_EMI2(1.0),A,TOTAL,REACH,NR,T,IS,2002,4490,
dataflow,ESTAT:MIGR_EMI2(1.0),A,TOTAL,REACH,NR,T,IS,2003,3837,
dataflow,ESTAT:MIGR_EMI2(1.0),A,TOTAL,REACH,NR,T,IS,2004,4820,
dataflow,ESTAT:MIGR_EMI2(1.0),A,TOTAL,REACH,NR,T,IS,2005,3913,
dataflow,ESTAT:MIGR_EMI2(1.0),A,TOTAL,REACH,NR,T,IS,2006,4577,
dataflow,ESTAT:MIGR_EMI2(1.0),A,TOTAL,REACH,NR,T,IS,2007,7414,
dataflow,ESTAT:MIGR_EMI2(1.0),A,TOTAL,REACH,NR,T,IS,2008,9144,
dataflow,ESTAT:MIGR_EMI2(1.0),A,TOTAL,REACH,NR,T,IS,2009,6874,b
dataflow,ESTAT:MIGR_EMI2(1.0),A,TOTAL,REACH,NR,T,IS,2010,5459,
dataflow,ESTAT:MIGR_EMI2(1.0),A,TOTAL,REACH,NR,T,IS,2011,4812,
dataflow,ESTAT:MIGR_EMI2(1.0),A,TOTAL,REACH,NR,T,IS,2012,4758,
dataflow,ESTAT:MIGR_EMI2(1.0),A,TOTAL,REACH,NR,T,IS,2013,4372,
dataflow,ESTAT:MIGR_EMI2(1.0),A,TOTAL,REACH,NR,T,IS,2014,4052,
dataflow,ESTAT:MIGR_EMI2(1.0),A,TOTAL,REACH,NR,T,IS,2015,4046,
dataflow,ESTAT:MIGR_EMI2(1.0),A,TOTAL,REACH,NR,T,IS,2016,4159,
dataflow,ESTAT:MIGR_EMI2(1.0),A,TOTAL,REACH,NR,T,IS,2017,3641,
dataflow,ESTAT:MIGR_EMI2(1.0),A,TOTAL,REACH,NR,T,IS,2018,4372,
dataflow,ESTAT:MIGR_EMI2(1.0),A,TOTAL,REACH,NR,T,IS,2019,4590,
dataflow,ESTAT:MIGR_EMI2(1.0),A,TOTAL,REACH,NR,T,IS,2020,6009,
dataflow,ESTAT:MIGR_EMI2(1.0),A,TOTAL,REACH,NR,T,IS,2021,4661,
dataflow,ESTAT:MIGR_EMI2(1.0),A,TOTAL,REACH,NR,T,IS,2022,5091,
dataflow,ESTAT:MIGR_EMI2(1.0),A,TOTAL,REACH,NR,T,IT,1990,55989,
dataflow,ESTAT:MIGR_EMI2(1.0),A,TOTAL,REACH,NR,T,IT,1991,57730,
dataflow,ESTAT:MIGR_EMI2(1.0),A,TOTAL,REACH,NR,T,IT,1992,56985,
dataflow,ESTAT:MIGR_EMI2(1.0),A,TOTAL,REACH,NR,T,IT,1993,61282,
dataflow,ESTAT:MIGR_EMI2(1.0),A,TOTAL,REACH,NR,T,IT,1994,65548,
dataflow,ESTAT:MIGR_EMI2(1.0),A,TOTAL,REACH,NR,T,IT,1995,43303,
dataflow,ESTAT:MIGR_EMI2(1.0),A,TOTAL,REACH,NR,T,IT,1996,47510,
dataflow,ESTAT:MIGR_EMI2(1.0),A,TOTAL,REACH,NR,T,IT,1997,46273,
dataflow,ESTAT:MIGR_EMI2(1.0),A,TOTAL,REACH,NR,T,IT,1998,45889,
dataflow,ESTAT:MIGR_EMI2(1.0),A,TOTAL,REACH,NR,T,IT,1999,64873,
dataflow,ESTAT:MIGR_EMI2(1.0),A,TOTAL,REACH,NR,T,IT,2000,56601,
dataflow,ESTAT:MIGR_EMI2(1.0),A,TOTAL,REACH,NR,T,IT,2001,56077,
dataflow,ESTAT:MIGR_EMI2(1.0),A,TOTAL,REACH,NR,T,IT,2002,41756,
dataflow,ESTAT:MIGR_EMI2(1.0),A,TOTAL,REACH,NR,T,IT,2003,48706,
dataflow,ESTAT:MIGR_EMI2(1.0),A,TOTAL,REACH,NR,T,IT,2004,49910,
dataflow,ESTAT:MIGR_EMI2(1.0),A,TOTAL,REACH,NR,T,IT,2005,53931,
dataflow,ESTAT:MIGR_EMI2(1.0),A,TOTAL,REACH,NR,T,IT,2006,58407,
dataflow,ESTAT:MIGR_EMI2(1.0),A,TOTAL,REACH,NR,T,IT,2007,51113,
dataflow,ESTAT:MIGR_EMI2(1.0),A,TOTAL,REACH,NR,T,IT,2008,80947,
dataflow,ESTAT:MIGR_EMI2(1.0),A,TOTAL,REACH,NR,T,IT,2009,80597,
dataflow,ESTAT:MIGR_EMI2(1.0),A,TOTAL,REACH,NR,T,IT,2010,78771,
dataflow,ESTAT:MIGR_EMI2(1.0),A,TOTAL,REACH,NR,T,IT,2011,82461,
dataflow,ESTAT:MIGR_EMI2(1.0),A,TOTAL,REACH,NR,T,IT,2012,106216,
dataflow,ESTAT:MIGR_EMI2(1.0),A,TOTAL,REACH,NR,T,IT,2013,125735,
dataflow,ESTAT:MIGR_EMI2(1.0),A,TOTAL,REACH,NR,T,IT,2014,136328,
dataflow,ESTAT:MIGR_EMI2(1.0),A,TOTAL,REACH,NR,T,IT,2015,146955,
dataflow,ESTAT:MIGR_EMI2(1.0),A,TOTAL,REACH,NR,T,IT,2016,157065,
dataflow,ESTAT:MIGR_EMI2(1.0),A,TOTAL,REACH,NR,T,IT,2017,155110,
dataflow,ESTAT:MIGR_EMI2(1.0),A,TOTAL,REACH,NR,T,IT,2018,156960,
dataflow,ESTAT:MIGR_EMI2(1.0),A,TOTAL,REACH,NR,T,IT,2019,179505,
dataflow,ESTAT:MIGR_EMI2(1.0),A,TOTAL,REACH,NR,T,IT,2020,159884,
dataflow,ESTAT:MIGR_EMI2(1.0),A,TOTAL,REACH,NR,T,IT,2021,158312,
dataflow,ESTAT:MIGR_EMI2(1.0),A,TOTAL,REACH,NR,T,IT,2022,150189,
dataflow,ESTAT:MIGR_EMI2(1.0),A,TOTAL,REACH,NR,T,KG,2006,34423,
dataflow,ESTAT:MIGR_EMI2(1.0),A,TOTAL,REACH,NR,T,KG,2007,54608,
dataflow,ESTAT:MIGR_EMI2(1.0),A,TOTAL,REACH,NR,T,LI,2008,490,b
dataflow,ESTAT:MIGR_EMI2(1.0),A,TOTAL,REACH,NR,T,LI,2009,455,
dataflow,ESTAT:MIGR_EMI2(1.0),A,TOTAL,REACH,NR,T,LI,2010,428,
dataflow,ESTAT:MIGR_EMI2(1.0),A,TOTAL,REACH,NR,T,LI,2011,467,
dataflow,ESTAT:MIGR_EMI2(1.0),A,TOTAL,REACH,NR,T,LI,2012,439,
dataflow,ESTAT:MIGR_EMI2(1.0),A,TOTAL,REACH,NR,T,LI,2013,497,
dataflow,ESTAT:MIGR_EMI2(1.0),A,TOTAL,REACH,NR,T,LI,2014,476,
dataflow,ESTAT:MIGR_EMI2(1.0),A,TOTAL,REACH,NR,T,LI,2015,468,
dataflow,ESTAT:MIGR_EMI2(1.0),A,TOTAL,REACH,NR,T,LI,2016,522,
dataflow,ESTAT:MIGR_EMI2(1.0),A,TOTAL,REACH,NR,T,LI,2017,426,
dataflow,ESTAT:MIGR_EMI2(1.0),A,TOTAL,REACH,NR,T,LI,2018,484,
dataflow,ESTAT:MIGR_EMI2(1.0),A,TOTAL,REACH,NR,T,LI,2019,446,
dataflow,ESTAT:MIGR_EMI2(1.0),A,TOTAL,REACH,NR,T,LI,2020,432,
dataflow,ESTAT:MIGR_EMI2(1.0),A,TOTAL,REACH,NR,T,LI,2021,516,
dataflow,ESTAT:MIGR_EMI2(1.0),A,TOTAL,REACH,NR,T,LI,2022,480,
dataflow,ESTAT:MIGR_EMI2(1.0),A,TOTAL,REACH,NR,T,LT,1990,23592,
dataflow,ESTAT:MIGR_EMI2(1.0),A,TOTAL,REACH,NR,T,LT,1991,22503,
dataflow,ESTAT:MIGR_EMI2(1.0),A,TOTAL,REACH,NR,T,LT,1992,31972,
dataflow,ESTAT:MIGR_EMI2(1.0),A,TOTAL,REACH,NR,T,LT,1993,26840,
dataflow,ESTAT:MIGR_EMI2(1.0),A,TOTAL,REACH,NR,T,LT,1994,25859,
dataflow,ESTAT:MIGR_EMI2(1.0),A,TOTAL,REACH,NR,T,LT,1995,25688,
dataflow,ESTAT:MIGR_EMI2(1.0),A,TOTAL,REACH,NR,T,LT,1996,26394,
dataflow,ESTAT:MIGR_EMI2(1.0),A,TOTAL,REACH,NR,T,LT,1997,24957,
dataflow,ESTAT:MIGR_EMI2(1.0),A,TOTAL,REACH,NR,T,LT,1998,24828,
dataflow,ESTAT:MIGR_EMI2(1.0),A,TOTAL,REACH,NR,T,LT,1999,23418,
dataflow,ESTAT:MIGR_EMI2(1.0),A,TOTAL,REACH,NR,T,LT,2000,21816,
dataflow,ESTAT:MIGR_EMI2(1.0),A,TOTAL,REACH,NR,T,LT,2001,27841,
dataflow,ESTAT:MIGR_EMI2(1.0),A,TOTAL,REACH,NR,T,LT,2002,16719,
dataflow,ESTAT:MIGR_EMI2(1.0),A,TOTAL,REACH,NR,T,LT,2003,26283,
dataflow,ESTAT:MIGR_EMI2(1.0),A,TOTAL,REACH,NR,T,LT,2004,37691,
dataflow,ESTAT:MIGR_EMI2(1.0),A,TOTAL,REACH,NR,T,LT,2005,57885,
dataflow,ESTAT:MIGR_EMI2(1.0),A,TOTAL,REACH,NR,T,LT,2006,32390,
dataflow,ESTAT:MIGR_EMI2(1.0),A,TOTAL,REACH,NR,T,LT,2007,30383,
dataflow,ESTAT:MIGR_EMI2(1.0),A,TOTAL,REACH,NR,T,LT,2008,25750,
dataflow,ESTAT:MIGR_EMI2(1.0),A,TOTAL,REACH,NR,T,LT,2009,38500,
dataflow,ESTAT:MIGR_EMI2(1.0),A,TOTAL,REACH,NR,T,LT,2010,83157,
dataflow,ESTAT:MIGR_EMI2(1.0),A,TOTAL,REACH,NR,T,LT,2011,53863,
dataflow,ESTAT:MIGR_EMI2(1.0),A,TOTAL,REACH,NR,T,LT,2012,41100,
dataflow,ESTAT:MIGR_EMI2(1.0),A,TOTAL,REACH,NR,T,LT,2013,38818,
dataflow,ESTAT:MIGR_EMI2(1.0),A,TOTAL,REACH,NR,T,LT,2014,36621,
dataflow,ESTAT:MIGR_EMI2(1.0),A,TOTAL,REACH,NR,T,LT,2015,44533,
dataflow,ESTAT:MIGR_EMI2(1.0),A,TOTAL,REACH,NR,T,LT,2016,50333,
dataflow,ESTAT:MIGR_EMI2(1.0),A,TOTAL,REACH,NR,T,LT,2017,47925,
dataflow,ESTAT:MIGR_EMI2(1.0),A,TOTAL,REACH,NR,T,LT,2018,32206,
dataflow,ESTAT:MIGR_EMI2(1.0),A,TOTAL,REACH,NR,T,LT,2019,29273,
dataflow,ESTAT:MIGR_EMI2(1.0),A,TOTAL,REACH,NR,T,LT,2020,23103,
dataflow,ESTAT:MIGR_EMI2(1.0),A,TOTAL,REACH,NR,T,LT,2021,25205,
dataflow,ESTAT:MIGR_EMI2(1.0),A,TOTAL,REACH,NR,T,LT,2022,15270,
dataflow,ESTAT:MIGR_EMI2(1.0),A,TOTAL,REACH,NR,T,LU,1990,6339,
dataflow,ESTAT:MIGR_EMI2(1.0),A,TOTAL,REACH,NR,T,LU,1991,6740,
dataflow,ESTAT:MIGR_EMI2(1.0),A,TOTAL,REACH,NR,T,LU,1992,6440,
dataflow,ESTAT:MIGR_EMI2(1.0),A,TOTAL,REACH,NR,T,LU,1993,5826,
dataflow,ESTAT:MIGR_EMI2(1.0),A,TOTAL,REACH,NR,T,LU,1994,6141,
dataflow,ESTAT:MIGR_EMI2(1.0),A,TOTAL,REACH,NR,T,LU,1995,5715,
dataflow,ESTAT:MIGR_EMI2(1.0),A,TOTAL,REACH,NR,T,LU,1996,6355,
dataflow,ESTAT:MIGR_EMI2(1.0),A,TOTAL,REACH,NR,T,LU,1997,6591,
dataflow,ESTAT:MIGR_EMI2(1.0),A,TOTAL,REACH,NR,T,LU,1998,7574,
dataflow,ESTAT:MIGR_EMI2(1.0),A,TOTAL,REACH,NR,T,LU,1999,8075,
dataflow,ESTAT:MIGR_EMI2(1.0),A,TOTAL,REACH,NR,T,LU,2000,8121,
dataflow,ESTAT:MIGR_EMI2(1.0),A,TOTAL,REACH,NR,T,LU,2001,8824,
dataflow,ESTAT:MIGR_EMI2(1.0),A,TOTAL,REACH,NR,T,LU,2002,9452,
dataflow,ESTAT:MIGR_EMI2(1.0),A,TOTAL,REACH,NR,T,LU,2003,7746,
dataflow,ESTAT:MIGR_EMI2(1.0),A,TOTAL,REACH,NR,T,LU,2004,8480,
dataflow,ESTAT:MIGR_EMI2(1.0),A,TOTAL,REACH,NR,T,LU,2005,8287,
dataflow,ESTAT:MIGR_EMI2(1.0),A,TOTAL,REACH,NR,T,LU,2006,9001,
dataflow,ESTAT:MIGR_EMI2(1.0),A,TOTAL,REACH,NR,T,LU,2007,10674,
dataflow,ESTAT:MIGR_EMI2(1.0),A,TOTAL,REACH,NR,T,LU,2008,10058,
dataflow,ESTAT:MIGR_EMI2(1.0),A,TOTAL,REACH,NR,T,LU,2009,9168,
dataflow,ESTAT:MIGR_EMI2(1.0),A,TOTAL,REACH,NR,T,LU,2010,9302,
dataflow,ESTAT:MIGR_EMI2(1.0),A,TOTAL,REACH,NR,T,LU,2011,9264,
dataflow,ESTAT:MIGR_EMI2(1.0),A,TOTAL,REACH,NR,T,LU,2012,10442,
dataflow,ESTAT:MIGR_EMI2(1.0),A,TOTAL,REACH,NR,T,LU,2013,10750,
dataflow,ESTAT:MIGR_EMI2(1.0),A,TOTAL,REACH,NR,T,LU,2014,11283,
dataflow,ESTAT:MIGR_EMI2(1.0),A,TOTAL,REACH,NR,T,LU,2015,12644,
dataflow,ESTAT:MIGR_EMI2(1.0),A,TOTAL,REACH,NR,T,LU,2016,13442,
dataflow,ESTAT:MIGR_EMI2(1.0),A,TOTAL,REACH,NR,T,LU,2017,13831,
dataflow,ESTAT:MIGR_EMI2(1.0),A,TOTAL,REACH,NR,T,LU,2018,13985,
dataflow,ESTAT:MIGR_EMI2(1.0),A,TOTAL,REACH,NR,T,LU,2019,15593,
dataflow,ESTAT:MIGR_EMI2(1.0),A,TOTAL,REACH,NR,T,LU,2020,14870,
dataflow,ESTAT:MIGR_EMI2(1.0),A,TOTAL,REACH,NR,T,LU,2021,15959,
dataflow,ESTAT:MIGR_EMI2(1.0),A,TOTAL,REACH,NR,T,LU,2022,17227,
dataflow,ESTAT:MIGR_EMI2(1.0),A,TOTAL,REACH,NR,T,LV,1991,29729,
dataflow,ESTAT:MIGR_EMI2(1.0),A,TOTAL,REACH,NR,T,LV,1992,59673,
dataflow,ESTAT:MIGR_EMI2(1.0),A,TOTAL,REACH,NR,T,LV,1993,36447,
dataflow,ESTAT:MIGR_EMI2(1.0),A,TOTAL,REACH,NR,T,LV,1994,25869,
dataflow,ESTAT:MIGR_EMI2(1.0),A,TOTAL,REACH,NR,T,LV,1995,16512,
dataflow,ESTAT:MIGR_EMI2(1.0),A,TOTAL,REACH,NR,T,LV,1996,12828,
dataflow,ESTAT:MIGR_EMI2(1.0),A,TOTAL,REACH,NR,T,LV,1997,12333,
dataflow,ESTAT:MIGR_EMI2(1.0),A,TOTAL,REACH,NR,T,LV,1998,8874,
dataflow,ESTAT:MIGR_EMI2(1.0),A,TOTAL,REACH,NR,T,LV,1999,5898,
dataflow,ESTAT:MIGR_EMI2(1.0),A,TOTAL,REACH,NR,T,LV,2000,22911,
dataflow,ESTAT:MIGR_EMI2(1.0),A,TOTAL,REACH,NR,T,LV,2001,24539,
dataflow,ESTAT:MIGR_EMI2(1.0),A,TOTAL,REACH,NR,T,LV,2002,15837,
dataflow,ESTAT:MIGR_EMI2(1.0),A,TOTAL,REACH,NR,T,LV,2003,15647,
dataflow,ESTAT:MIGR_EMI2(1.0),A,TOTAL,REACH,NR,T,LV,2004,20167,
dataflow,ESTAT:MIGR_EMI2(1.0),A,TOTAL,REACH,NR,T,LV,2005,17643,
dataflow,ESTAT:MIGR_EMI2(1.0),A,TOTAL,REACH,NR,T,LV,2006,17019,
dataflow,ESTAT:MIGR_EMI2(1.0),A,TOTAL,REACH,NR,T,LV,2007,15463,
dataflow,ESTAT:MIGR_EMI2(1.0),A,TOTAL,REACH,NR,T,LV,2008,27045,
dataflow,ESTAT:MIGR_EMI2(1.0),A,TOTAL,REACH,NR,T,LV,2009,38208,
dataflow,ESTAT:MIGR_EMI2(1.0),A,TOTAL,REACH,NR,T,LV,2010,39651,
dataflow,ESTAT:MIGR_EMI2(1.0),A,TOTAL,REACH,NR,T,LV,2011,30311,
dataflow,ESTAT:MIGR_EMI2(1.0),A,TOTAL,REACH,NR,T,LV,2012,25163,
dataflow,ESTAT:MIGR_EMI2(1.0),A,TOTAL,REACH,NR,T,LV,2013,22561,
dataflow,ESTAT:MIGR_EMI2(1.0),A,TOTAL,REACH,NR,T,LV,2014,19017,
dataflow,ESTAT:MIGR_EMI2(1.0),A,TOTAL,REACH,NR,T,LV,2015,20119,
dataflow,ESTAT:MIGR_EMI2(1.0),A,TOTAL,REACH,NR,T,LV,2016,20574,
dataflow,ESTAT:MIGR_EMI2(1.0),A,TOTAL,REACH,NR,T,LV,2017,17724,
dataflow,ESTAT:MIGR_EMI2(1.0),A,TOTAL,REACH,NR,T,LV,2018,15814,
dataflow,ESTAT:MIGR_EMI2(1.0),A,TOTAL,REACH,NR,T,LV,2019,14583,
dataflow,ESTAT:MIGR_EMI2(1.0),A,TOTAL,REACH,NR,T,LV,2020,11990,
dataflow,ESTAT:MIGR_EMI2(1.0),A,TOTAL,REACH,NR,T,LV,2021,12975,
dataflow,ESTAT:MIGR_EMI2(1.0),A,TOTAL,REACH,NR,T,LV,2022,16680,
dataflow,ESTAT:MIGR_EMI2(1.0),A,TOTAL,REACH,NR,T,MD,2007,7172,
dataflow,ESTAT:MIGR_EMI2(1.0),A,TOTAL,REACH,NR,T,ME,2020,28,
dataflow,ESTAT:MIGR_EMI2(1.0),A,TOTAL,REACH,NR,T,ME,2022,54,
dataflow,ESTAT:MIGR_EMI2(1.0),A,TOTAL,REACH,NR,T,MK,2000,162,
dataflow,ESTAT:MIGR_EMI2(1.0),A,TOTAL,REACH,NR,T,MK,2001,312,
dataflow,ESTAT:MIGR_EMI2(1.0),A,TOTAL,REACH,NR,T,MK,2004,669,
dataflow,ESTAT:MIGR_EMI2(1.0),A,TOTAL,REACH,NR,T,MK,2005,1300,
dataflow,ESTAT:MIGR_EMI2(1.0),A,TOTAL,REACH,NR,T,MK,2006,1108,
dataflow,ESTAT:MIGR_EMI2(1.0),A,TOTAL,REACH,NR,T,MK,2007,240,
dataflow,ESTAT:MIGR_EMI2(1.0),A,TOTAL,REACH,NR,T,MK,2008,751,
dataflow,ESTAT:MIGR_EMI2(1.0),A,TOTAL,REACH,NR,T,MK,2009,792,
dataflow,ESTAT:MIGR_EMI2(1.0),A,TOTAL,REACH,NR,T,MK,2010,1007,
dataflow,ESTAT:MIGR_EMI2(1.0),A,TOTAL,REACH,NR,T,MK,2011,1290,
dataflow,ESTAT:MIGR_EMI2(1.0),A,TOTAL,REACH,NR,T,MK,2012,1415,
dataflow,ESTAT:MIGR_EMI2(1.0),A,TOTAL,REACH,NR,T,MK,2013,1041,
dataflow,ESTAT:MIGR_EMI2(1.0),A,TOTAL,REACH,NR,T,MK,2014,839,
dataflow,ESTAT:MIGR_EMI2(1.0),A,TOTAL,REACH,NR,T,MK,2015,1016,
dataflow,ESTAT:MIGR_EMI2(1.0),A,TOTAL,REACH,NR,T,MK,2016,630,
dataflow,ESTAT:MIGR_EMI2(1.0),A,TOTAL,REACH,NR,T,MK,2017,424,
dataflow,ESTAT:MIGR_EMI2(1.0),A,TOTAL,REACH,NR,T,MK,2018,377,
dataflow,ESTAT:MIGR_EMI2(1.0),A,TOTAL,REACH,NR,T,MK,2020,1082,
dataflow,ESTAT:MIGR_EMI2(1.0),A,TOTAL,REACH,NR,T,MK,2021,1412,
dataflow,ESTAT:MIGR_EMI2(1.0),A,TOTAL,REACH,NR,T,MK,2022,2374,
dataflow,ESTAT:MIGR_EMI2(1.0),A,TOTAL,REACH,NR,T,MT,2007,3730,
dataflow,ESTAT:MIGR_EMI2(1.0),A,TOTAL,REACH,NR,T,MT,2008,3719,
dataflow,ESTAT:MIGR_EMI2(1.0),A,TOTAL,REACH,NR,T,MT,2009,3868,
dataflow,ESTAT:MIGR_EMI2(1.0),A,TOTAL,REACH,NR,T,MT,2010,4201,
dataflow,ESTAT:MIGR_EMI2(1.0),A,TOTAL,REACH,NR,T,MT,2011,3806,
dataflow,ESTAT:MIGR_EMI2(1.0),A,TOTAL,REACH,NR,T,MT,2012,4005,
dataflow,ESTAT:MIGR_EMI2(1.0),A,TOTAL,REACH,NR,T,MT,2013,4778,
dataflow,ESTAT:MIGR_EMI2(1.0),A,TOTAL,REACH,NR,T,MT,2014,5108,
dataflow,ESTAT:MIGR_EMI2(1.0),A,TOTAL,REACH,NR,T,MT,2015,7095,
dataflow,ESTAT:MIGR_EMI2(1.0),A,TOTAL,REACH,NR,T,MT,2016,8303,
dataflow,ESTAT:MIGR_EMI2(1.0),A,TOTAL,REACH,NR,T,MT,2017,7020,
dataflow,ESTAT:MIGR_EMI2(1.0),A,TOTAL,REACH,NR,T,MT,2018,9342,
dataflow,ESTAT:MIGR_EMI2(1.0),A,TOTAL,REACH,NR,T,MT,2019,7998,
dataflow,ESTAT:MIGR_EMI2(1.0),A,TOTAL,REACH,NR,T,MT,2020,12679,
dataflow,ESTAT:MIGR_EMI2(1.0),A,TOTAL,REACH,NR,T,MT,2021,13509,
dataflow,ESTAT:MIGR_EMI2(1.0),A,TOTAL,REACH,NR,T,MT,2022,13166,
dataflow,ESTAT:MIGR_EMI2(1.0),A,TOTAL,REACH,NR,T,NL,1990,57344,
dataflow,ESTAT:MIGR_EMI2(1.0),A,TOTAL,REACH,NR,T,NL,1991,57328,
dataflow,ESTAT:MIGR_EMI2(1.0),A,TOTAL,REACH,NR,T,NL,1992,58834,
dataflow,ESTAT:MIGR_EMI2(1.0),A,TOTAL,REACH,NR,T,NL,1993,59222,
dataflow,ESTAT:MIGR_EMI2(1.0),A,TOTAL,REACH,NR,T,NL,1994,53579,
dataflow,ESTAT:MIGR_EMI2(1.0),A,TOTAL,REACH,NR,T,NL,1995,63321,
dataflow,ESTAT:MIGR_EMI2(1.0),A,TOTAL,REACH,NR,T,NL,1996,65325,
dataflow,ESTAT:MIGR_EMI2(1.0),A,TOTAL,REACH,NR,T,NL,1997,62220,
dataflow,ESTAT:MIGR_EMI2(1.0),A,TOTAL,REACH,NR,T,NL,1998,60441,
dataflow,ESTAT:MIGR_EMI2(1.0),A,TOTAL,REACH,NR,T,NL,1999,59023,
dataflow,ESTAT:MIGR_EMI2(1.0),A,TOTAL,REACH,NR,T,NL,2000,61201,
dataflow,ESTAT:MIGR_EMI2(1.0),A,TOTAL,REACH,NR,T,NL,2001,63318,
dataflow,ESTAT:MIGR_EMI2(1.0),A,TOTAL,REACH,NR,T,NL,2002,66728,
dataflow,ESTAT:MIGR_EMI2(1.0),A,TOTAL,REACH,NR,T,NL,2003,68885,
dataflow,ESTAT:MIGR_EMI2(1.0),A,TOTAL,REACH,NR,T,NL,2004,75049,
dataflow,ESTAT:MIGR_EMI2(1.0),A,TOTAL,REACH,NR,T,NL,2005,83399,
dataflow,ESTAT:MIGR_EMI2(1.0),A,TOTAL,REACH,NR,T,NL,2006,91028,
dataflow,ESTAT:MIGR_EMI2(1.0),A,TOTAL,REACH,NR,T,NL,2007,91287,
dataflow,ESTAT:MIGR_EMI2(1.0),A,TOTAL,REACH,NR,T,NL,2008,90067,
dataflow,ESTAT:MIGR_EMI2(1.0),A,TOTAL,REACH,NR,T,NL,2009,92825,b
dataflow,ESTAT:MIGR_EMI2(1.0),A,TOTAL,REACH,NR,T,NL,2010,95970,
dataflow,ESTAT:MIGR_EMI2(1.0),A,TOTAL,REACH,NR,T,NL,2011,104201,
dataflow,ESTAT:MIGR_EMI2(1.0),A,TOTAL,REACH,NR,T,NL,2012,110431,
dataflow,ESTAT:MIGR_EMI2(1.0),A,TOTAL,REACH,NR,T,NL,2013,112625,
dataflow,ESTAT:MIGR_EMI2(1.0),A,TOTAL,REACH,NR,T,NL,2014,112900,
dataflow,ESTAT:MIGR_EMI2(1.0),A,TOTAL,REACH,NR,T,NL,2015,112330,
dataflow,ESTAT:MIGR_EMI2(1.0),A,TOTAL,REACH,NR,T,NL,2016,111477,
dataflow,ESTAT:MIGR_EMI2(1.0),A,TOTAL,REACH,NR,T,NL,2017,108231,
dataflow,ESTAT:MIGR_EMI2(1.0),A,TOTAL,REACH,NR,T,NL,2018,109635,
dataflow,ESTAT:MIGR_EMI2(1.0),A,TOTAL,REACH,NR,T,NL,2019,107906,
dataflow,ESTAT:MIGR_EMI2(1.0),A,TOTAL,REACH,NR,T,NL,2020,102502,
dataflow,ESTAT:MIGR_EMI2(1.0),A,TOTAL,REACH,NR,T,NL,2021,110342,
dataflow,ESTAT:MIGR_EMI2(1.0),A,TOTAL,REACH,NR,T,NL,2022,109616,
dataflow,ESTAT:MIGR_EMI2(1.0),A,TOTAL,REACH,NR,T,NO,1990,23784,
dataflow,ESTAT:MIGR_EMI2(1.0),A,TOTAL,REACH,NR,T,NO,1991,18238,
dataflow,ESTAT:MIGR_EMI2(1.0),A,TOTAL,REACH,NR,T,NO,1992,16801,
dataflow,ESTAT:MIGR_EMI2(1.0),A,TOTAL,REACH,NR,T,NO,1993,18903,
dataflow,ESTAT:MIGR_EMI2(1.0),A,TOTAL,REACH,NR,T,NO,1994,19475,
dataflow,ESTAT:MIGR_EMI2(1.0),A,TOTAL,REACH,NR,T,NO,1995,19311,
dataflow,ESTAT:MIGR_EMI2(1.0),A,TOTAL,REACH,NR,T,NO,1997,21257,
dataflow,ESTAT:MIGR_EMI2(1.0),A,TOTAL,REACH,NR,T,NO,1998,22881,
dataflow,ESTAT:MIGR_EMI2(1.0),A,TOTAL,REACH,NR,T,NO,1999,22842,
dataflow,ESTAT:MIGR_EMI2(1.0),A,TOTAL,REACH,NR,T,NO,2000,26854,
dataflow,ESTAT:MIGR_EMI2(1.0),A,TOTAL,REACH,NR,T,NO,2001,26309,
dataflow,ESTAT:MIGR_EMI2(1.0),A,TOTAL,REACH,NR,T,NO,2002,22948,
dataflow,ESTAT:MIGR_EMI2(1.0),A,TOTAL,REACH,NR,T,NO,2003,24672,
dataflow,ESTAT:MIGR_EMI2(1.0),A,TOTAL,REACH,NR,T,NO,2004,23271,
dataflow,ESTAT:MIGR_EMI2(1.0),A,TOTAL,REACH,NR,T,NO,2005,21709,
dataflow,ESTAT:MIGR_EMI2(1.0),A,TOTAL,REACH,NR,T,NO,2006,22053,
dataflow,ESTAT:MIGR_EMI2(1.0),A,TOTAL,REACH,NR,T,NO,2007,22122,
dataflow,ESTAT:MIGR_EMI2(1.0),A,TOTAL,REACH,NR,T,NO,2008,12976,b
dataflow,ESTAT:MIGR_EMI2(1.0),A,TOTAL,REACH,NR,T,NO,2009,17072,
dataflow,ESTAT:MIGR_EMI2(1.0),A,TOTAL,REACH,NR,T,NO,2010,25835,
dataflow,ESTAT:MIGR_EMI2(1.0),A,TOTAL,REACH,NR,T,NO,2011,20349,
dataflow,ESTAT:MIGR_EMI2(1.0),A,TOTAL,REACH,NR,T,NO,2012,22693,
dataflow,ESTAT:MIGR_EMI2(1.0),A,TOTAL,REACH,NR,T,NO,2013,26523,
dataflow,ESTAT:MIGR_EMI2(1.0),A,TOTAL,REACH,NR,T,NO,2014,29308,
dataflow,ESTAT:MIGR_EMI2(1.0),A,TOTAL,REACH,NR,T,NO,2015,29173,
dataflow,ESTAT:MIGR_EMI2(1.0),A,TOTAL,REACH,NR,T,NO,2016,34694,
dataflow,ESTAT:MIGR_EMI2(1.0),A,TOTAL,REACH,NR,T,NO,2017,31963,
dataflow,ESTAT:MIGR_EMI2(1.0),A,TOTAL,REACH,NR,T,NO,2018,27158,
dataflow,ESTAT:MIGR_EMI2(1.0),A,TOTAL,REACH,NR,T,NO,2019,23207,
dataflow,ESTAT:MIGR_EMI2(1.0),A,TOTAL,REACH,NR,T,NO,2020,21447,
dataflow,ESTAT:MIGR_EMI2(1.0),A,TOTAL,REACH,NR,T,NO,2021,34297,
dataflow,ESTAT:MIGR_EMI2(1.0),A,TOTAL,REACH,NR,T,NO,2022,32536,
dataflow,ESTAT:MIGR_EMI2(1.0),A,TOTAL,REACH,NR,T,PL,1990,18440,
dataflow,ESTAT:MIGR_EMI2(1.0),A,TOTAL,REACH,NR,T,PL,1991,20977,
dataflow,ESTAT:MIGR_EMI2(1.0),A,TOTAL,REACH,NR,T,PL,1992,18115,
dataflow,ESTAT:MIGR_EMI2(1.0),A,TOTAL,REACH,NR,T,PL,1993,21376,
dataflow,ESTAT:MIGR_EMI2(1.0),A,TOTAL,REACH,NR,T,PL,1994,25904,
dataflow,ESTAT:MIGR_EMI2(1.0),A,TOTAL,REACH,NR,T,PL,1995,26344,
dataflow,ESTAT:MIGR_EMI2(1.0),A,TOTAL,REACH,NR,T,PL,1996,21297,
dataflow,ESTAT:MIGR_EMI2(1.0),A,TOTAL,REACH,NR,T,PL,1997,20222,
dataflow,ESTAT:MIGR_EMI2(1.0),A,TOTAL,REACH,NR,T,PL,1998,22177,
dataflow,ESTAT:MIGR_EMI2(1.0),A,TOTAL,REACH,NR,T,PL,1999,21536,
dataflow,ESTAT:MIGR_EMI2(1.0),A,TOTAL,REACH,NR,T,PL,2000,26999,
dataflow,ESTAT:MIGR_EMI2(1.0),A,TOTAL,REACH,NR,T,PL,2001,23368,
dataflow,ESTAT:MIGR_EMI2(1.0),A,TOTAL,REACH,NR,T,PL,2002,24532,
dataflow,ESTAT:MIGR_EMI2(1.0),A,TOTAL,REACH,NR,T,PL,2003,20813,
dataflow,ESTAT:MIGR_EMI2(1.0),A,TOTAL,REACH,NR,T,PL,2004,18877,
dataflow,ESTAT:MIGR_EMI2(1.0),A,TOTAL,REACH,NR,T,PL,2005,22242,
dataflow,ESTAT:MIGR_EMI2(1.0),A,TOTAL,REACH,NR,T,PL,2006,46936,
dataflow,ESTAT:MIGR_EMI2(1.0),A,TOTAL,REACH,NR,T,PL,2007,35480,
dataflow,ESTAT:MIGR_EMI2(1.0),A,TOTAL,REACH,NR,T,PL,2008,30140,
dataflow,ESTAT:MIGR_EMI2(1.0),A,TOTAL,REACH,NR,T,PL,2009,229320,b
dataflow,ESTAT:MIGR_EMI2(1.0),A,TOTAL,REACH,NR,T,PL,2010,218126,
dataflow,ESTAT:MIGR_EMI2(1.0),A,TOTAL,REACH,NR,T,PL,2011,265798,
dataflow,ESTAT:MIGR_EMI2(1.0),A,TOTAL,REACH,NR,T,PL,2012,275603,
dataflow,ESTAT:MIGR_EMI2(1.0),A,TOTAL,REACH,NR,T,PL,2013,276446,
dataflow,ESTAT:MIGR_EMI2(1.0),A,TOTAL,REACH,NR,T,PL,2014,268299,p
dataflow,ESTAT:MIGR_EMI2(1.0),A,TOTAL,REACH,NR,T,PL,2015,258837,p
dataflow,ESTAT:MIGR_EMI2(1.0),A,TOTAL,REACH,NR,T,PL,2016,236441,ep
dataflow,ESTAT:MIGR_EMI2(1.0),A,TOTAL,REACH,NR,T,PL,2017,218492,ep
dataflow,ESTAT:MIGR_EMI2(1.0),A,TOTAL,REACH,NR,T,PL,2018,189794,ep
dataflow,ESTAT:MIGR_EMI2(1.0),A,TOTAL,REACH,NR,T,PL,2019,180594,ep
dataflow,ESTAT:MIGR_EMI2(1.0),A,TOTAL,REACH,NR,T,PL,2020,161666,ep
dataflow,ESTAT:MIGR_EMI2(1.0),A,TOTAL,REACH,NR,T,PL,2021,201595,
dataflow,ESTAT:MIGR_EMI2(1.0),A,TOTAL,REACH,NR,T,PL,2022,228006,
dataflow,ESTAT:MIGR_EMI2(1.0),A,TOTAL,REACH,NR,T,PT,1991,37336,
dataflow,ESTAT:MIGR_EMI2(1.0),A,TOTAL,REACH,NR,T,PT,1992,25559,
dataflow,ESTAT:MIGR_EMI2(1.0),A,TOTAL,REACH,NR,T,PT,1993,16566,
dataflow,ESTAT:MIGR_EMI2(1.0),A,TOTAL,REACH,NR,T,PT,1994,14552,
dataflow,ESTAT:MIGR_EMI2(1.0),A,TOTAL,REACH,NR,T,PT,1995,11290,
dataflow,ESTAT:MIGR_EMI2(1.0),A,TOTAL,REACH,NR,T,PT,1996,14533,
dataflow,ESTAT:MIGR_EMI2(1.0),A,TOTAL,REACH,NR,T,PT,1997,18468,
dataflow,ESTAT:MIGR_EMI2(1.0),A,TOTAL,REACH,NR,T,PT,1998,11098,
dataflow,ESTAT:MIGR_EMI2(1.0),A,TOTAL,REACH,NR,T,PT,1999,14040,
dataflow,ESTAT:MIGR_EMI2(1.0),A,TOTAL,REACH,NR,T,PT,2000,10667,
dataflow,ESTAT:MIGR_EMI2(1.0),A,TOTAL,REACH,NR,T,PT,2001,5396,
dataflow,ESTAT:MIGR_EMI2(1.0),A,TOTAL,REACH,NR,T,PT,2002,8813,
dataflow,ESTAT:MIGR_EMI2(1.0),A,TOTAL,REACH,NR,T,PT,2003,6687,
dataflow,ESTAT:MIGR_EMI2(1.0),A,TOTAL,REACH,NR,T,PT,2004,6757,
dataflow,ESTAT:MIGR_EMI2(1.0),A,TOTAL,REACH,NR,T,PT,2005,6360,
dataflow,ESTAT:MIGR_EMI2(1.0),A,TOTAL,REACH,NR,T,PT,2006,5600,
dataflow,ESTAT:MIGR_EMI2(1.0),A,TOTAL,REACH,NR,T,PT,2007,7890,
dataflow,ESTAT:MIGR_EMI2(1.0),A,TOTAL,REACH,NR,T,PT,2008,20357,
dataflow,ESTAT:MIGR_EMI2(1.0),A,TOTAL,REACH,NR,T,PT,2009,16899,
dataflow,ESTAT:MIGR_EMI2(1.0),A,TOTAL,REACH,NR,T,PT,2010,23760,
dataflow,ESTAT:MIGR_EMI2(1.0),A,TOTAL,REACH,NR,T,PT,2011,43998,
dataflow,ESTAT:MIGR_EMI2(1.0),A,TOTAL,REACH,NR,T,PT,2012,51958,
dataflow,ESTAT:MIGR_EMI2(1.0),A,TOTAL,REACH,NR,T,PT,2013,53786,
dataflow,ESTAT:MIGR_EMI2(1.0),A,TOTAL,REACH,NR,T,PT,2014,49572,
dataflow,ESTAT:MIGR_EMI2(1.0),A,TOTAL,REACH,NR,T,PT,2015,40377,
dataflow,ESTAT:MIGR_EMI2(1.0),A,TOTAL,REACH,NR,T,PT,2016,38273,e
dataflow,ESTAT:MIGR_EMI2(1.0),A,TOTAL,REACH,NR,T,PT,2017,31753,e
dataflow,ESTAT:MIGR_EMI2(1.0),A,TOTAL,REACH,NR,T,PT,2018,31600,
dataflow,ESTAT:MIGR_EMI2(1.0),A,TOTAL,REACH,NR,T,PT,2019,28219,
dataflow,ESTAT:MIGR_EMI2(1.0),A,TOTAL,REACH,NR,T,PT,2020,25886,
dataflow,ESTAT:MIGR_EMI2(1.0),A,TOTAL,REACH,NR,T,PT,2021,25079,
dataflow,ESTAT:MIGR_EMI2(1.0),A,TOTAL,REACH,NR,T,PT,2022,30954,
dataflow,ESTAT:MIGR_EMI2(1.0),A,TOTAL,REACH,NR,T,RO,2008,302796,b
dataflow,ESTAT:MIGR_EMI2(1.0),A,TOTAL,REACH,NR,T,RO,2009,246626,
dataflow,ESTAT:MIGR_EMI2(1.0),A,TOTAL,REACH,NR,T,RO,2010,197985,
dataflow,ESTAT:MIGR_EMI2(1.0),A,TOTAL,REACH,NR,T,RO,2011,195551,
dataflow,ESTAT:MIGR_EMI2(1.0),A,TOTAL,REACH,NR,T,RO,2012,170186,
dataflow,ESTAT:MIGR_EMI2(1.0),A,TOTAL,REACH,NR,T,RO,2013,161755,
dataflow,ESTAT:MIGR_EMI2(1.0),A,TOTAL,REACH,NR,T,RO,2014,172871,
dataflow,ESTAT:MIGR_EMI2(1.0),A,TOTAL,REACH,NR,T,RO,2015,194718,
dataflow,ESTAT:MIGR_EMI2(1.0),A,TOTAL,REACH,NR,T,RO,2016,207578,
dataflow,ESTAT:MIGR_EMI2(1.0),A,TOTAL,REACH,NR,T,RO,2017,242193,e
dataflow,ESTAT:MIGR_EMI2(1.0),A,TOTAL,REACH,NR,T,RO,2018,231661,e
dataflow,ESTAT:MIGR_EMI2(1.0),A,TOTAL,REACH,NR,T,RO,2019,233736,e
dataflow,ESTAT:MIGR_EMI2(1.0),A,TOTAL,REACH,NR,T,RO,2020,186818,e
dataflow,ESTAT:MIGR_EMI2(1.0),A,TOTAL,REACH,NR,T,RO,2021,216861,
dataflow,ESTAT:MIGR_EMI2(1.0),A,TOTAL,REACH,NR,T,RO,2022,202311,e
dataflow,ESTAT:MIGR_EMI2(1.0),A,TOTAL,REACH,NR,T,RU,2005,69798,
dataflow,ESTAT:MIGR_EMI2(1.0),A,TOTAL,REACH,NR,T,RU,2006,54061,
dataflow,ESTAT:MIGR_EMI2(1.0),A,TOTAL,REACH,NR,T,RU,2007,47014,
dataflow,ESTAT:MIGR_EMI2(1.0),A,TOTAL,REACH,NR,T,SE,1990,25196,
dataflow,ESTAT:MIGR_EMI2(1.0),A,TOTAL,REACH,NR,T,SE,1991,24745,
dataflow,ESTAT:MIGR_EMI2(1.0),A,TOTAL,REACH,NR,T,SE,1992,25726,
dataflow,ESTAT:MIGR_EMI2(1.0),A,TOTAL,REACH,NR,T,SE,1993,29874,
dataflow,ESTAT:MIGR_EMI2(1.0),A,TOTAL,REACH,NR,T,SE,1994,32661,
dataflow,ESTAT:MIGR_EMI2(1.0),A,TOTAL,REACH,NR,T,SE,1995,33984,
dataflow,ESTAT:MIGR_EMI2(1.0),A,TOTAL,REACH,NR,T,SE,1996,33884,
dataflow,ESTAT:MIGR_EMI2(1.0),A,TOTAL,REACH,NR,T,SE,1997,38543,
dataflow,ESTAT:MIGR_EMI2(1.0),A,TOTAL,REACH,NR,T,SE,1998,38518,
dataflow,ESTAT:MIGR_EMI2(1.0),A,TOTAL,REACH,NR,T,SE,1999,35705,
dataflow,ESTAT:MIGR_EMI2(1.0),A,TOTAL,REACH,NR,T,SE,2000,34091,
dataflow,ESTAT:MIGR_EMI2(1.0),A,TOTAL,REACH,NR,T,SE,2001,32141,
dataflow,ESTAT:MIGR_EMI2(1.0),A,TOTAL,REACH,NR,T,SE,2002,33009,
dataflow,ESTAT:MIGR_EMI2(1.0),A,TOTAL,REACH,NR,T,SE,2003,35023,
dataflow,ESTAT:MIGR_EMI2(1.0),A,TOTAL,REACH,NR,T,SE,2004,36586,
dataflow,ESTAT:MIGR_EMI2(1.0),A,TOTAL,REACH,NR,T,SE,2005,38118,
dataflow,ESTAT:MIGR_EMI2(1.0),A,TOTAL,REACH,NR,T,SE,2006,44908,
dataflow,ESTAT:MIGR_EMI2(1.0),A,TOTAL,REACH,NR,T,SE,2007,45418,
dataflow,ESTAT:MIGR_EMI2(1.0),A,TOTAL,REACH,NR,T,SE,2008,45294,
dataflow,ESTAT:MIGR_EMI2(1.0),A,TOTAL,REACH,NR,T,SE,2009,39240,
dataflow,ESTAT:MIGR_EMI2(1.0),A,TOTAL,REACH,NR,T,SE,2010,48853,
dataflow,ESTAT:MIGR_EMI2(1.0),A,TOTAL,REACH,NR,T,SE,2011,51179,
dataflow,ESTAT:MIGR_EMI2(1.0),A,TOTAL,REACH,NR,T,SE,2012,51747,
dataflow,ESTAT:MIGR_EMI2(1.0),A,TOTAL,REACH,NR,T,SE,2013,50715,
dataflow,ESTAT:MIGR_EMI2(1.0),A,TOTAL,REACH,NR,T,SE,2014,51237,
dataflow,ESTAT:MIGR_EMI2(1.0),A,TOTAL,REACH,NR,T,SE,2015,55830,
dataflow,ESTAT:MIGR_EMI2(1.0),A,TOTAL,REACH,NR,T,SE,2016,45878,
dataflow,ESTAT:MIGR_EMI2(1.0),A,TOTAL,REACH,NR,T,SE,2017,45620,
dataflow,ESTAT:MIGR_EMI2(1.0),A,TOTAL,REACH,NR,T,SE,2018,46981,
dataflow,ESTAT:MIGR_EMI2(1.0),A,TOTAL,REACH,NR,T,SE,2019,47718,
dataflow,ESTAT:MIGR_EMI2(1.0),A,TOTAL,REACH,NR,T,SE,2020,48937,
dataflow,ESTAT:MIGR_EMI2(1.0),A,TOTAL,REACH,NR,T,SE,2021,48284,
dataflow,ESTAT:MIGR_EMI2(1.0),A,TOTAL,REACH,NR,T,SE,2022,50592,
dataflow,ESTAT:MIGR_EMI2(1.0),A,TOTAL,REACH,NR,T,SI,1990,4908,
dataflow,ESTAT:MIGR_EMI2(1.0),A,TOTAL,REACH,NR,T,SI,1991,9060,
dataflow,ESTAT:MIGR_EMI2(1.0),A,TOTAL,REACH,NR,T,SI,1992,3848,
dataflow,ESTAT:MIGR_EMI2(1.0),A,TOTAL,REACH,NR,T,SI,1993,1390,
dataflow,ESTAT:MIGR_EMI2(1.0),A,TOTAL,REACH,NR,T,SI,1994,983,
dataflow,ESTAT:MIGR_EMI2(1.0),A,TOTAL,REACH,NR,T,SI,1995,3372,
dataflow,ESTAT:MIGR_EMI2(1.0),A,TOTAL,REACH,NR,T,SI,1996,2985,
dataflow,ESTAT:MIGR_EMI2(1.0),A,TOTAL,REACH,NR,T,SI,1997,5447,
dataflow,ESTAT:MIGR_EMI2(1.0),A,TOTAL,REACH,NR,T,SI,1998,6708,
dataflow,ESTAT:MIGR_EMI2(1.0),A,TOTAL,REACH,NR,T,SI,1999,2606,
dataflow,ESTAT:MIGR_EMI2(1.0),A,TOTAL,REACH,NR,T,SI,2000,3570,
dataflow,ESTAT:MIGR_EMI2(1.0),A,TOTAL,REACH,NR,T,SI,2001,4811,
dataflow,ESTAT:MIGR_EMI2(1.0),A,TOTAL,REACH,NR,T,SI,2002,7269,
dataflow,ESTAT:MIGR_EMI2(1.0),A,TOTAL,REACH,NR,T,SI,2003,5867,
dataflow,ESTAT:MIGR_EMI2(1.0),A,TOTAL,REACH,NR,T,SI,2004,8269,
dataflow,ESTAT:MIGR_EMI2(1.0),A,TOTAL,REACH,NR,T,SI,2005,8605,
dataflow,ESTAT:MIGR_EMI2(1.0),A,TOTAL,REACH,NR,T,SI,2006,13749,
dataflow,ESTAT:MIGR_EMI2(1.0),A,TOTAL,REACH,NR,T,SI,2007,14943,
dataflow,ESTAT:MIGR_EMI2(1.0),A,TOTAL,REACH,NR,T,SI,2008,12109,b
dataflow,ESTAT:MIGR_EMI2(1.0),A,TOTAL,REACH,NR,T,SI,2009,18788,
dataflow,ESTAT:MIGR_EMI2(1.0),A,TOTAL,REACH,NR,T,SI,2010,15937,
dataflow,ESTAT:MIGR_EMI2(1.0),A,TOTAL,REACH,NR,T,SI,2011,12024,
dataflow,ESTAT:MIGR_EMI2(1.0),A,TOTAL,REACH,NR,T,SI,2012,14378,
dataflow,ESTAT:MIGR_EMI2(1.0),A,TOTAL,REACH,NR,T,SI,2013,13384,
dataflow,ESTAT:MIGR_EMI2(1.0),A,TOTAL,REACH,NR,T,SI,2014,14336,
dataflow,ESTAT:MIGR_EMI2(1.0),A,TOTAL,REACH,NR,T,SI,2015,14913,
dataflow,ESTAT:MIGR_EMI2(1.0),A,TOTAL,REACH,NR,T,SI,2016,15572,
dataflow,ESTAT:MIGR_EMI2(1.0),A,TOTAL,REACH,NR,T,SI,2017,17555,
dataflow,ESTAT:MIGR_EMI2(1.0),A,TOTAL,REACH,NR,T,SI,2018,13527,
dataflow,ESTAT:MIGR_EMI2(1.0),A,TOTAL,REACH,NR,T,SI,2019,15106,
dataflow,ESTAT:MIGR_EMI2(1.0),A,TOTAL,REACH,NR,T,SI,2020,17745,
dataflow,ESTAT:MIGR_EMI2(1.0),A,TOTAL,REACH,NR,T,SI,2021,21144,
dataflow,ESTAT:MIGR_EMI2(1.0),A,TOTAL,REACH,NR,T,SI,2022,20956,
dataflow,ESTAT:MIGR_EMI2(1.0),A,TOTAL,REACH,NR,T,SK,1990,867,
dataflow,ESTAT:MIGR_EMI2(1.0),A,TOTAL,REACH,NR,T,SK,1991,527,
dataflow,ESTAT:MIGR_EMI2(1.0),A,TOTAL,REACH,NR,T,SK,1992,128,
dataflow,ESTAT:MIGR_EMI2(1.0),A,TOTAL,REACH,NR,T,SK,1993,7355,
dataflow,ESTAT:MIGR_EMI2(1.0),A,TOTAL,REACH,NR,T,SK,1994,154,
dataflow,ESTAT:MIGR_EMI2(1.0),A,TOTAL,REACH,NR,T,SK,1995,213,
dataflow,ESTAT:MIGR_EMI2(1.0),A,TOTAL,REACH,NR,T,SK,1996,222,
dataflow,ESTAT:MIGR_EMI2(1.0),A,TOTAL,REACH,NR,T,SK,1997,572,
dataflow,ESTAT:MIGR_EMI2(1.0),A,TOTAL,REACH,NR,T,SK,1998,746,
dataflow,ESTAT:MIGR_EMI2(1.0),A,TOTAL,REACH,NR,T,SK,1999,618,
dataflow,ESTAT:MIGR_EMI2(1.0),A,TOTAL,REACH,NR,T,SK,2000,811,
dataflow,ESTAT:MIGR_EMI2(1.0),A,TOTAL,REACH,NR,T,SK,2001,1011,
dataflow,ESTAT:MIGR_EMI2(1.0),A,TOTAL,REACH,NR,T,SK,2002,1411,
dataflow,ESTAT:MIGR_EMI2(1.0),A,TOTAL,REACH,NR,T,SK,2003,1194,
dataflow,ESTAT:MIGR_EMI2(1.0),A,TOTAL,REACH,NR,T,SK,2004,1586,
dataflow,ESTAT:MIGR_EMI2(1.0),A,TOTAL,REACH,NR,T,SK,2005,1873,
dataflow,ESTAT:MIGR_EMI2(1.0),A,TOTAL,REACH,NR,T,SK,2006,1735,
dataflow,ESTAT:MIGR_EMI2(1.0),A,TOTAL,REACH,NR,T,SK,2007,1831,
dataflow,ESTAT:MIGR_EMI2(1.0),A,TOTAL,REACH,NR,T,SK,2008,1705,
dataflow,ESTAT:MIGR_EMI2(1.0),A,TOTAL,REACH,NR,T,SK,2009,1979,
dataflow,ESTAT:MIGR_EMI2(1.0),A,TOTAL,REACH,NR,T,SK,2010,1889,
dataflow,ESTAT:MIGR_EMI2(1.0),A,TOTAL,REACH,NR,T,SK,2011,1863,b
dataflow,ESTAT:MIGR_EMI2(1.0),A,TOTAL,REACH,NR,T,SK,2012,2003,
dataflow,ESTAT:MIGR_EMI2(1.0),A,TOTAL,REACH,NR,T,SK,2013,2770,
dataflow,ESTAT:MIGR_EMI2(1.0),A,TOTAL,REACH,NR,T,SK,2014,3644,
dataflow,ESTAT:MIGR_EMI2(1.0),A,TOTAL,REACH,NR,T,SK,2015,3870,
dataflow,ESTAT:MIGR_EMI2(1.0),A,TOTAL,REACH,NR,T,SK,2016,3801,
dataflow,ESTAT:MIGR_EMI2(1.0),A,TOTAL,REACH,NR,T,SK,2017,3466,
dataflow,ESTAT:MIGR_EMI2(1.0),A,TOTAL,REACH,NR,T,SK,2018,3298,
dataflow,ESTAT:MIGR_EMI2(1.0),A,TOTAL,REACH,NR,T,SK,2019,3384,
dataflow,ESTAT:MIGR_EMI2(1.0),A,TOTAL,REACH,NR,T,SK,2020,2428,
dataflow,ESTAT:MIGR_EMI2(1.0),A,TOTAL,REACH,NR,T,SK,2021,3395,
dataflow,ESTAT:MIGR_EMI2(1.0),A,TOTAL,REACH,NR,T,SK,2022,4468,
dataflow,ESTAT:MIGR_EMI2(1.0),A,TOTAL,REACH,NR,T,SM,2007,76,
dataflow,ESTAT:MIGR_EMI2(1.0),A,TOTAL,REACH,NR,T,TJ,2006,8334,
dataflow,ESTAT:MIGR_EMI2(1.0),A,TOTAL,REACH,NR,T,TR,2022,466914,
dataflow,ESTAT:MIGR_EMI2(1.0),A,TOTAL,REACH,NR,T,UA,2020,19121,
dataflow,ESTAT:MIGR_EMI2(1.0),A,TOTAL,REACH,NR,T,UA,2021,22587,
dataflow,ESTAT:MIGR_EMI2(1.0),A,TOTAL,REACH,NR,T,UK,1998,198934,
dataflow,ESTAT:MIGR_EMI2(1.0),A,TOTAL,REACH,NR,T,UK,1999,245340,
dataflow,ESTAT:MIGR_EMI2(1.0),A,TOTAL,REACH,NR,T,UK,2000,277563,e
dataflow,ESTAT:MIGR_EMI2(1.0),A,TOTAL,REACH,NR,T,UK,2001,251369,
dataflow,ESTAT:MIGR_EMI2(1.0),A,TOTAL,REACH,NR,T,UK,2002,305931,
dataflow,ESTAT:MIGR_EMI2(1.0),A,TOTAL,REACH,NR,T,UK,2003,313960,
dataflow,ESTAT:MIGR_EMI2(1.0),A,TOTAL,REACH,NR,T,UK,2004,310389,
dataflow,ESTAT:MIGR_EMI2(1.0),A,TOTAL,REACH,NR,T,UK,2005,328408,
dataflow,ESTAT:MIGR_EMI2(1.0),A,TOTAL,REACH,NR,T,UK,2006,369470,
dataflow,ESTAT:MIGR_EMI2(1.0),A,TOTAL,REACH,NR,T,UK,2007,317587,
dataflow,ESTAT:MIGR_EMI2(1.0),A,TOTAL,REACH,NR,T,UK,2008,427207,b
dataflow,ESTAT:MIGR_EMI2(1.0),A,TOTAL,REACH,NR,T,UK,2009,368177,
dataflow,ESTAT:MIGR_EMI2(1.0),A,TOTAL,REACH,NR,T,UK,2010,339306,
dataflow,ESTAT:MIGR_EMI2(1.0),A,TOTAL,REACH,NR,T,UK,2011,350703,
dataflow,ESTAT:MIGR_EMI2(1.0),A,TOTAL,REACH,NR,T,UK,2012,321217,
dataflow,ESTAT:MIGR_EMI2(1.0),A,TOTAL,REACH,NR,T,UK,2013,316934,
dataflow,ESTAT:MIGR_EMI2(1.0),A,TOTAL,REACH,NR,T,UK,2014,319086,
dataflow,ESTAT:MIGR_EMI2(1.0),A,TOTAL,REACH,NR,T,UK,2015,299183,
dataflow,ESTAT:MIGR_EMI2(1.0),A,TOTAL,REACH,NR,T,UK,2016,340440,
dataflow,ESTAT:MIGR_EMI2(1.0),A,TOTAL,REACH,NR,T,UK,2017,359665,
dataflow,ESTAT:MIGR_EMI2(1.0),A,TOTAL,REACH,NR,T,UK,2018,344347,p
dataflow,ESTAT:MIGR_EMI2(1.0),A,TOTAL,REACH,NR,T,UK,2019,368385,
dataflow,ESTAT:MIGR_EMI2(1.0),A,TOTAL,REACH,NR,T,UZ,2006,71608,
